phyl17	5UTR_size_lg10
14	2.49415459401844
5	2.60205999132796
10	2.07554696139253
9	2.3384564936046
9	
2	2.69019608002851
6	2.31175386105575
2	3.12580645813953
1	2.17897694729317
6	1.95424250943932
15	2.07918124604762
14	1.82607480270083
11	2.66464197555613
1	2.42488163663107
2	2.71264970162721
8	2.60097289568675
2	2.15228834438306
9	3.00302947055362
2	2.93247376467715
11	1.56820172406699
1	1.38021124171161
2	2.72181061521255
2	1.94448267215017
2	2.48287358360875
2	3.12123145514962
9	2.73479982958885
2	2.50379068305718
15	2.95904139232109
6	2.62117628177504
11	1.41497334797082
2	2.85247999363686
2	2.01283722470517
2	3.00432137378264
15	2.29225607135648
2	2.35602585719312
2	2.53147891704225
10	2.49554433754645
1	2.69284691927723
1	1.74036268949424
1	2.10380372095596
12	3.2610248339924
2	2.73719264270474
3	2.50650503240487
1	1.85125834871908
1	1.96848294855394
2	3.06632592536204
2	2.55509444857832
12	2.54406804435028
2	2.69635638873333
2	2.31175386105575
2	2.0899051114394
2	2.20682587603185
2	2.21748394421391
2	1.94448267215017
2	2.06069784035361
2	2.6232492903979
1	2.61384182187607
1	2.27415784926368
1	1.95424250943932
1	2.15533603746506
1	2.19312459835446
1	2.46239799789896
1	2.05307844348342
2	2.41497334797082
2	2.89872518158949
2	2.51054501020661
2	2.20411998265592
2	2.80955971463527
2	2.20411998265592
1	1.7160033436348
1	1.91381385238372
3	2.95085145888855
3	2.08635983067475
1	2.45939248775923
1	2.84135947045485
6	1.85125834871908
4	2.48429983934679
4	1.63346845557959
2	2.66086547800387
1	2.75050839485135
1	2.28555730900777
1	2.86981820797933
1	2.97358962342726
2	2.28780172993023
1	2.6954816764902
1	2.61278385671974
8	2.28330122870355
6	2.35024801833416
2	2.37106786227174
2	2.49692964807321
2	3.10619089726341
9	2.44715803134222
6	2.81291335664286
9	3.23653726148869
15	1.96378782734556
8	1.73239375982297
2	2.13672056715641
2	1.47712125471966
3	2.78958071216443
6	2.63042787502502
1	2.31597034545692
1	2.66931688056611
2	3.10277661488344
2	3.60325266198165
2	2.73957234445009
2	2.4983105537896
1	1.72427586960079
1	3.24278980947868
1	2.26481782300954
1	2.6414741105041
1	1.77815125038364
1	2.40140054078154
1	2.14921911265538
9	2.58092497567562
2	2.62940959910272
2	2.25042000230889
2	2.06069784035361
1	2.60852603357719
1	1.63346845557959
3	1.81954393554187
10	2.67117284271508
8	2.75663610824585
2	2.83758843823551
2	1.68124123737559
1	2.63548374681491
14	1.7481880270062
4	1.77815125038364
1	2.4814426285023
8	1.78532983501077
2	1.88081359228079
1	2.57634135020579
1	2.7664128471124
11	2.11058971029925
9	2.53781909507327
8	2.10037054511756
9	1.79934054945358
2	2.32633586092875
1	2.47129171105894
1	2.35602585719312
3	1.91381385238372
9	1.81291335664286
2	2.76863810124761
16	2.72672720902657
14	1.93951925261862
7	2.56110138364906
1	2.69810054562339
1	2.6222140229663
1	3.15167623084705
1	2.01703333929878
1	2.40823996531185
2	2.40140054078154
1	2.44090908206522
1	1.85733249643127
1	2.06818586174616
1	3.09236969962912
2	2.67760695272049
10	1.50514997831991
10	1.82607480270083
11	1.9731278535997
1	2.68394713075151
1	2.64933485871214
1	2.01703333929878
1	2.59217675739587
1	2.71767050300226
1	2.68214507637383
1	2.59439255037543
1	2.52762990087134
1	2.67760695272049
15	2.37839790094814
17	2.67209785793572
15	2.67209785793572
1	2.83314711191278
15	2.41497334797082
13	2.16731733474818
16	2.09691001300806
1	2.9434945159061
1	2.19865708695442
1	2.40483371661994
2	2.05307844348342
2	2.68304703823885
1	2.50379068305718
2	2.01703333929878
2	2.31806333496276
2	2.69284691927723
2	2.80821097292422
6	2.74429298312268
2	2.54032947479087
2	2.38916608436453
8	1.75587485567249
9	1.7481880270062
11	2.29225607135648
11	1.9731278535997
2	2.60205999132796
6	2.06445798922692
2	1.98677173426624
2	2.13987908640124
2	1.81291335664286
2	2.18752072083646
2	2.08635983067475
2	2.49692964807321
2	2.4814426285023
17	2.54282542695918
2	1.27875360095283
2	2.99431715266964
3	2.60422605308447
15	2.29446622616159
11	2.34242268082221
9	1.61278385671974
6	2.8555191556678
6	2.51321760006794
10	2.44404479591808
6	2.59769518592551
5	2.63648789635337
1	2.49554433754645
2	2.28330122870355
2	2.7160033436348
1	2.67024585307412
6	2.40312052117582
5	1.96848294855394
1	
5	2.38021124171161
7	2.84385542262316
4	2.52113808370404
9	2.00432137378264
3	2.38560627359831
14	2.12710479836481
12	2.01703333929878
11	2.58433122436753
15	2.38201704257487
8	2.5092025223311
9	2.52504480703684
9	1.90848501887865
15	2.86391737695786
13	2.25285303097989
11	2.61278385671974
9	2.38381536598043
12	2.25285303097989
9	1.70757017609794
8	2.49136169383427
13	2.34242268082221
9	2.65801139665711
7	2.45636603312904
8	2.52633927738984
6	3.07481644064517
6	2.47275644931721
6	2.51719589794997
4	2.13987908640124
8	2.02530586526477
6	2.53019969820308
6	2.12385164096709
6	2.45024910831936
6	2.66181268553726
6	2.63042787502502
9	2.84323277809801
6	2.9329808219232
7	2.38738982633873
6	2.5092025223311
5	2.53529412004277
6	2.43616264704076
6	2.34635297445064
9	2.46089784275655
9	3.05576046468773
4	2.52504480703684
9	3.2817149700273
5	2.72509452108147
5	2.57403126772772
2	2.95424250943932
1	2.76715586608218
3	2.88930170250631
2	1.86332286012046
2	2.58658730467175
2	1.73239375982297
6	2.57863920996807
4	2.69722934275972
2	2.20139712432045
6	2.9304395947667
6	2.66931688056611
2	2.73639650227664
6	2.84198480459011
6	2.64933485871214
6	2.76042248342321
2	2.90091306773767
9	2.44404479591808
6	2.93601079571521
6	2.72427586960079
6	2.57634135020579
4	2.14612803567824
9	2.58658730467175
4	2.64542226934909
9	2.95133751879592
9	2.8109042806687
9	2.95712819767681
11	1.63346845557959
14	2.67669360962487
9	2.76937732607614
9	2.56584781867352
12	2.26717172840301
9	
9	2.76566855475901
9	2.39794000867204
11	2.72345567203519
6	2.38381536598043
9	2.41664050733828
5	2.46389298898591
9	2.71850168886727
9	2.67760695272049
5	2.42975228000241
9	2.47421626407626
7	3.22505069613805
9	2.73239375982297
5	2.78390357927273
17	1.85125834871908
17	2.49415459401844
1	2.46982201597816
14	2.2380461031288
1	1.94448267215017
15	2.5854607295085
15	2.51054501020661
1	2.37839790094814
2	3.45301239112146
11	1.7481880270062
9	2.02118929906994
2	2.41830129131975
2	2.31806333496276
11	2.05307844348342
1	2.87040390527903
9	2.88309335857569
9	2.46538285144842
14	2.38738982633873
9	3.19368102954128
9	2.48995847942483
2	2.53147891704225
6	2.96425963019685
8	2.79934054945358
6	2.07554696139253
6	2.4456042032736
2	2.51982799377572
2	3.1476763242411
1	1.95904139232109
8	3.01241537476243
6	2.62736585659273
9	2.51851393987789
7	2.98587535730839
6	2.62531245096167
7	2.41329976408125
9	2.42651126136458
6	2.34439227368511
6	2.11394335230684
2	2.49276038902684
2	2.68574173860226
9	2.50650503240487
9	2.31806333496276
9	2.55388302664387
8	2.43616264704076
6	2.04139268515822
9	2.47856649559384
6	2.81624129999178
9	2.68214507637383
9	2.67669360962487
6	2.57978359661681
2	2.16136800223497
13	1.49136169383427
1	1.32221929473392
9	2.53907609879278
1	1.79239168949825
3	2.80888586735981
16	
4	2.6954816764902
5	2.6954816764902
16	2.1846914308176
17	2.54900326202579
16	2.04921802267018
9	2.00860017176192
6	2.40312052117582
4	2.19865708695442
2	2.6159500516564
12	2.60530504614111
2	2.54654266347813
2	2.15836249209525
6	2.55990662503611
6	2.40823996531185
2	2.67942789661212
1	1.92427928606188
1	2.23044892137827
2	2.47129171105894
2	2.31806333496276
2	2.78746047451842
2	2.60314437262018
1	2.76342799356294
1	2
2	2.96661098668193
3	2.32837960343874
2	1.43136376415899
1	2.43296929087441
8	1.82607480270083
6	2.66651798055488
10	1.53147891704226
5	2.32837960343874
9	2.76566855475901
9	2.22530928172586
6	2.09691001300806
1	1.6232492903979
1	2.38560627359831
6	2.57749179983723
1	2.58771096501891
1	2.90308998699194
1	2.5705429398819
9	2.98632377705077
4	3.74099393158489
1	2.50785587169583
11	2.38738982633873
9	3.13672056715641
2	2.6414741105041
9	1.91381385238372
12	1.82607480270083
9	2
2	2.2405492482826
2	2.43136376415899
1	2.9566485792052
1	2.33645973384853
1	2.38021124171161
5	2.25042000230889
13	2.62531245096167
4	2.57287160220048
3	2.82736927305382
6	1.97772360528885
9	2.11727129565576
9	2.91222205653242
12	2.81557774832427
1	2.21218760440396
1	2.24551266781415
1	2.14612803567824
1	2.55388302664387
6	3.0111473607758
2	1.43136376415899
2	1.46239799789896
2	2.39269695325967
11	2.74429298312268
5	2.17318626841227
9	2.24551266781415
2	2.4345689040342
11	2.59769518592551
5	2.43775056282039
5	2.26717172840301
11	2.74115159885178
11	2.15533603746506
11	3.10991586302379
9	3.08062648692181
4	2.61172330800734
9	1.92427928606188
9	2.40823996531185
5	2.41664050733828
9	2.02118929906994
4	2.73957234445009
9	2.91645394854992
11	2.60852603357719
1	2.8733206018154
1	1.60205999132796
1	2.53781909507327
17	2.48995847942483
14	1.47712125471966
17	2.51188336097887
16	2.40312052117582
1	1.93951925261862
14	2.57287160220048
1	1.30102999566398
16	1.78532983501077
16	2.07918124604762
2	3.17055505852121
8	3.29885307640971
2	2.4996870826184
2	2.76117581315573
1	2.82020145948564
1	2.55630250076729
1	1.93449845124357
9	2.31597034545692
6	2.69897000433602
1	2.2718416065365
2	2.15533603746506
1	2.29225607135648
1	2.7701152947871
1	2.13672056715641
1	2.28780172993023
6	2.71096311899528
4	2.8926510338773
1	1.98227123303957
13	2.66745295288995
1	3.05956341790127
1	2.06445798922692
15	2.75050839485135
1	2.4996870826184
1	2.11394335230684
1	2.59769518592551
1	2.64640372622307
1	0.602059991327962
1	2.48995847942483
2	2.27646180417324
2	2.67394199863409
2	3.11693964655076
2	2.12057393120585
2	2.12057393120585
2	1.44715803134222
2	2.40483371661994
2	2.59659709562646
2	1.72427586960079
17	
17	2.26951294421792
2	1.96848294855394
2	2.65801139665711
1	2.60959440922522
2	3.20601587676334
6	2.9670797341445
2	1.27875360095283
1	2.83632411570675
1	2.8208579894397
2	1.43136376415899
8	2.64443858946784
2	2.87448181769947
2	2.48995847942483
1	2.19589965240923
9	2.04532297878666
15	1.83884909073726
2	2.43775056282039
15	2.75511226639507
13	2.08635983067475
1	2.01703333929878
8	2.39445168082622
12	2.8228216453031
7	1.8750612633917
9	2.58206336291171
9	2.54157924394658
1	2.40483371661994
16	1.7160033436348
6	2.98227123303957
4	2.27875360095283
6	1.6232492903979
6	2.2380461031288
9	1.88649072517248
2	0.778151250383644
1	1.92941892571429
9	2.01283722470517
6	2.65321251377534
2	2.64443858946784
1	2.73878055848437
1	2.82801506422398
9	1.83250891270624
9	2.3747483460101
9	2.82542611776782
11	2.2405492482826
2	2.3384564936046
9	1
9	2.56820172406699
9	2.59659709562646
6	2.82477646247555
9	2.34044411484012
2	2.80413943233535
11	2.48572142648158
6	1.41497334797082
4	2.83821922190763
9	2.90091306773767
8	2.33645973384853
9	2.63948648926859
2	2.67394199863409
9	1.83884909073726
1	2.54157924394658
11	2.00432137378264
17	2.35024801833416
1	1.14612803567824
14	3.1274287778516
9	2.56584781867352
1	2.99475694458763
2	2.44090908206522
2	2.60422605308447
8	2.41664050733828
6	2.86391737695786
6	2.69196510276736
2	1.44715803134222
2	2.03342375548695
2	2.83821922190763
2	2.01283722470517
13	2.77815125038364
9	2.65127801399814
4	2.53147891704225
6	2.69635638873333
8	2.67669360962487
9	2.07918124604762
9	2.67486114073781
7	2.61172330800734
6	1.67209785793572
6	2.74507479158206
6	2.77524625974024
9	2.08278537031645
7	2.35218251811136
11	1.96848294855394
6	2.41664050733828
8	2.81157500587059
8	2.81224469680037
4	2.81157500587059
1	1.72427586960079
6	2.26007138798507
5	2.65801139665711
9	2.45788189673399
3	2.5910646070265
1	2.51982799377572
16	1.77815125038364
4	2.80345711564841
9	2.02530586526477
4	3.29754166781816
6	2.41995574848976
4	2.38738982633873
8	2.78675142214556
9	1.77815125038364
9	2.13033376849501
3	2.66370092538965
6	2.55870857053317
2	2.48000694295715
2	2.69019608002851
2	2.51321760006794
2	2.19865708695442
3	2.7419390777292
5	2.11394335230684
16	2.49276038902684
9	2.32014628611105
16	2.6954816764902
9	2.3747483460101
11	1.46239799789896
5	2.92531209149965
2	3.16375752398196
1	2.25767857486918
16	2.27875360095283
16	2.39445168082622
16	2.39794000867204
8	2.35218251811136
9	2.56937390961505
9	2.59988307207369
9	3.10991586302379
9	2.69108149212297
8	2.74115159885178
9	2.03342375548695
15	2.76863810124761
15	2.0899051114394
9	2.67394199863409
2	1.46239799789896
9	2.68304703823885
2	2.98181860717066
2	2.28555730900777
5	1.69897000433602
6	2.90525604874845
5	2.3654879848909
6	3.01619735351244
2	2.06069784035361
7	2.42488163663107
9	2.62117628177504
9	2.37291200297011
5	
9	
9	2.24303804868629
9	2.67942789661212
1	2.80413943233535
5	2.18752072083646
9	2.85913829729453
6	3.24402958903002
9	2.84447717574568
6	2.90417436828416
9	1.5910646070265
6	2.5092025223311
6	2.65991620006985
2	2.57978359661681
8	2.55022835305509
5	2.68930885912362
2	2.58092497567562
3	2.52504480703684
4	2.73078227566639
6	2.92531209149965
2	2.75127910398334
4	2.26717172840301
9	1.92941892571429
6	2.00432137378264
2	2.15836249209525
2	2.3324384599156
16	
17	2.02530586526477
2	2.56820172406699
3	2.68574173860226
8	2.50650503240487
9	2.85003325768977
11	2.48713837547719
2	2.94546858513182
2	2.2148438480477
2	2.68394713075151
2	2.35024801833416
2	3.00945089579869
14	3.15228834438306
2	2.62013605497376
2	2.39445168082622
2	2.1846914308176
2	2.77232170672292
2	2.33041377334919
15	2.35218251811136
9	2.30319605742049
2	2.60314437262018
2	2.7664128471124
3	1.67209785793572
2	2.4456042032736
2	2.10380372095596
6	2.48429983934679
2	2.2718416065365
2	2.95904139232109
2	2.87852179550121
2	2.55266821611219
2	2.12057393120585
2	2.38738982633873
2	2.12385164096709
2	2.82216807936802
2	2.7427251313047
2	2.49692964807321
2	2.12057393120585
2	2.49692964807321
2	2.38021124171161
3	2.3654879848909
2	2.33645973384853
2	3.2291697025391
2	2.01283722470517
2	2.61066016308988
2	2.54900326202579
2	2.81023251799508
2	2.87273882747267
4	2.5854607295085
2	2.56229286445647
4	2.57287160220048
2	2.00432137378264
1	2.86213137931304
8	2.45939248775923
9	2.77742682238931
9	2.28780172993023
6	2.50105926221775
6	2.79934054945358
6	2.55509444857832
6	2.54530711646582
9	3.23375736296551
5	2.54032947479087
9	2.84010609445676
14	1.98227123303957
9	2.18752072083646
1	2.40312052117582
2	1.77815125038364
2	2.69284691927723
2	2.28330122870355
2	2.38916608436453
1	2.23552844690755
10	2.51321760006794
9	2.39093510710338
5	2.64542226934909
6	2.14921911265538
1	1.79934054945358
10	2.35602585719312
2	2.05307844348342
10	1.86332286012046
9	2.10720996964787
11	1.55630250076729
9	2.16435285578444
15	2.3096301674259
16	2.02938377768521
16	2.02530586526477
16	2.60959440922522
15	2.01703333929878
16	1.93951925261862
15	2.10380372095596
9	2.43933269383026
12	1.5910646070265
1	2.42324587393681
9	2.04921802267018
6	2.21218760440396
16	2.42651126136458
16	2.67851837904011
9	3.33183204443625
16	2.69897000433602
14	
15	2.35218251811136
10	1.92427928606188
9	2.37657695705651
9	2.96189547366785
9	1.55630250076729
5	2.42488163663107
6	2.49276038902684
6	2.19865708695442
6	2.63848925695464
1	1.57978359661681
1	2.18184358794477
1	1.79934054945358
6	1.60205999132796
16	1.68124123737559
16	1.83884909073726
1	1.9731278535997
1	1.81954393554187
1	2.45636603312904
2	2.16435285578444
1	2.69722934275972
1	2.63848925695464
1	1.99563519459755
1	2.29446622616159
2	2.11058971029925
11	3.05153839051533
6	2.02530586526477
4	2.9304395947667
3	2.69460519893357
9	2.53781909507327
10	2.31806333496276
9	2.32221929473392
4	2.87157293554588
2	2.79309160017658
2	2.63948648926859
2	2.8228216453031
2	1.98227123303957
2	2.81822589361396
3	2.57749179983723
2	2.4345689040342
2	2.35218251811136
2	2.69372694892365
2	2.25285303097989
5	2.17026171539496
9	2.45024910831936
4	2.46389298898591
2	2.85003325768977
1	2.08278537031645
1	1.76342799356294
14	1.88649072517248
2	2.3384564936046
2	2.49554433754645
3	2.33041377334919
9	2.85853719756964
7	2.93196611472817
8	2.48287358360875
5	2.24797326636181
4	2.53655844257153
6	1.61278385671974
9	2.55266821611219
6	2.8488047010518
9	2.93851972517649
9	2.8208579894397
9	2.81822589361396
2	2.58994960132571
4	2.5854607295085
6	3.14332712999205
6	3.5066403055665
6	2.39967372148104
11	2.53907609879278
9	2.71767050300226
9	2.57863920996807
9	2.6570558528571
5	2.60314437262018
9	2.54654266347813
6	2.38381536598043
3	2.23044892137827
9	2.59217675739587
8	2.5327543789925
4	2.67394199863409
2	2.56348108539441
2	2.39269695325967
2	2.51851393987789
5	2.68752896121463
6	2.47129171105894
9	3.14983469671578
4	2.91960102378411
11	2.27415784926368
5	2.63042787502502
9	2.55990662503611
9	2.25527250510331
9	2.66275783168157
2	2.45331834004704
9	2.49136169383427
4	2.73559889969818
6	2.43136376415899
11	2.48855071650044
9	2.27415784926368
6	2.16435285578444
4	3.33264041038746
9	2.09342168516224
11	2.48000694295715
6	2.63144376901317
6	2.95808584852109
6	3.09342168516224
6	2.11727129565576
9	2.46538285144842
9	2.30535136944662
9	2.34635297445064
9	2.62117628177504
4	2.69897000433602
9	3.07077646284343
9	2.42975228000241
2	2.49136169383427
2	2.92479599579791
9	1.88649072517248
2	2.10380372095596
6	2.8208579894397
2	2.2718416065365
9	3.46434048462767
5	2.45331834004704
4	2.74350976472843
17	2.04921802267018
17	2.1430148002541
2	1.68124123737559
2	2.03742649794062
2	2.08635983067475
2	2.84073323461181
6	2.69460519893357
2	2.2380461031288
2	2.38916608436453
2	2.31597034545692
2	2.60314437262018
2	2.76566855475901
6	2.44247976906445
2	2.84323277809801
5	2.04532297878666
8	3.10822665637493
2	2.23299611039215
2	2.2405492482826
9	2.65127801399814
2	2.68033551341456
6	2.59328606702046
11	1.88649072517248
2	2.77524625974024
4	2.58433122436753
6	2.84571801796666
2	2.73878055848437
2	2.52762990087134
2	2.87621784059164
2	2.60314437262018
14	2.55022835305509
14	2.70842090013471
14	2.93751789201735
14	2.90200289135073
14	3.41863268735407
16	3.01994668167884
14	2.63648789635337
16	1.8750612633917
1	2.73158876518674
9	2.35024801833416
6	2.53019969820308
6	
9	
2	2.13353890837022
2	2.53529412004277
2	2.41664050733828
2	1.88649072517248
2	2.67942789661212
2	2.09342168516224
2	3.09760432887441
6	2.73798732633343
6	3.03582982525283
4	2.18184358794477
6	2.95712819767681
6	1.50514997831991
6	2.77597433112937
2	2.35218251811136
6	2.20139712432045
1	2.57170883180869
1	2.69810054562339
16	1.80617997398389
12	2.34439227368511
1	2.90091306773767
12	1.82607480270083
2	2.72591163229505
1	2.91009054559407
1	2.25042000230889
10	2.01703333929878
12	2.29225607135648
9	2.6159500516564
9	2.14921911265538
9	2.48713837547719
9	2.35793484700045
1	2.0899051114394
2	2.6063813651106
1	2.46389298898591
2	2.89431606268444
6	2.66931688056611
9	2.53147891704225
9	2.63346845557959
6	2.15836249209525
6	2.41664050733828
6	1.86332286012046
9	2.22788670461367
6	1.64345267648619
9	2.09342168516224
9	2.71683772329952
9	2.45636603312904
12	2.05307844348342
7	1.80617997398389
3	2.68930885912362
8	1.85125834871908
6	2.73479982958885
9	2.23044892137827
2	2.86332286012046
6	2.63245729218472
9	2.68484536164441
2	2.70671778233676
2	2.25042000230889
2	2.54777470538782
6	2.75663610824585
6	2.40823996531185
11	1.63346845557959
11	2.71180722904119
9	2.78247262416629
2	2.41830129131975
2	2.19589965240923
12	2.8992731873176
15	2.90091306773767
9	2.8750612633917
3	2.64443858946784
6	2.5854607295085
4	3.07188200730613
4	2.77378644498119
4	1.70757017609794
9	2.30535136944662
1	2.39445168082622
1	2.14921911265538
9	2.3541084391474
1	2.72345567203519
2	2.65127801399814
1	2.51454775266029
2	2.36921585741014
2	1.90308998699194
4	2.42975228000241
9	2.79657433321043
2	2.65417654187796
4	2.40993312333129
12	2.29003461136252
2	3.00902574208691
1	2.3324384599156
1	2.68214507637383
6	2.75434833571102
10	1.81954393554187
9	2.28103336724773
8	2.61278385671974
9	2.96661098668193
9	2.78746047451842
9	2.80821097292422
5	2.03342375548695
2	2.57863920996807
5	3.3773062510682
9	2.55870857053317
2	2.28555730900777
17	2.07918124604762
17	2.99782308074573
6	2.58206336291171
2	2.87215627274829
9	2.37291200297011
4	2.63948648926859
8	2.2405492482826
9	2.94546858513182
10	2.76492298464989
6	2.55509444857832
8	1.66275783168157
6	2.46834733041216
6	2.68394713075151
8	2.75815462196739
3	2.65030752313194
4	2.6730209071289
2	2.45484486000851
8	2.82216807936802
5	0.903089986991943
2	2.62634036737504
4	1.86923171973098
5	2.56229286445647
2	2.63748972951251
3	2.52113808370404
2	2.70070371714502
2	2.32221929473392
2	2.29225607135648
2	2.60314437262018
2	2.64738297011462
2	2.64345267648619
2	1.88081359228079
1	2.59217675739587
2	2.70243053644553
5	2.61804809671209
6	2.45024910831936
6	3.65696018274285
8	2.98362628712453
6	2.76937732607614
9	2.2405492482826
6	2.63948648926859
8	2.47129171105894
2	2.75434833571102
2	2.92737036303902
2	2.45024910831936
2	2.57863920996807
2	2.40993312333129
2	3.01283722470517
1	2.52633927738984
2	1
2	2.27875360095283
2	2.72015930340596
2	2.38738982633873
2	1.97772360528885
1	2.55990662503611
1	2.01283722470517
14	2.65801139665711
5	2.75891189239797
6	2.77305469336426
6	2.52244423350632
5	1.92427928606188
1	2.69635638873333
1	2.82865989653532
1	2.2380461031288
1	2.66651798055488
1	2.7419390777292
2	2.68124123737559
2	2.9304395947667
1	2.70156798505593
1	1.94939000664491
1	1.46239799789896
9	1.73239375982297
8	1.77815125038364
9	
6	2.40312052117582
2	2.58319877396862
2	3.18752072083646
2	2.45178643552429
1	2.42975228000241
2	2.57287160220048
3	1.95424250943932
12	3.04060234011407
1	2.64836001098093
1	1.74036268949424
1	1.41497334797082
2	2.36361197989214
2	2.10720996964787
1	2.65224634100332
2	2.27646180417324
14	3.04688519083771
2	1.69019608002851
2	2.12385164096709
2	2.41161970596323
2	2.02530586526477
2	2.7481880270062
1	3.43007505555194
2	2.89097959698969
2	2.39445168082622
2	2.37839790094814
2	2.69108149212297
2	2.50242711998443
2	2.77742682238931
2	1.32221929473392
2	2.10037054511756
2	2.31597034545692
1	2.19033169817029
3	1.46239799789896
9	2.66464197555613
3	1.95424250943932
6	2.58658730467175
6	2.80071707828238
9	2.97173959088778
2	2.42488163663107
9	2.97451169273733
5	2.45636603312904
16	2.07554696139253
9	2.81358098856819
9	2.10720996964787
6	2.67669360962487
4	2.65224634100332
14	2.44404479591808
1	1.46239799789896
9	2.00432137378264
2	2.11727129565576
2	2.69108149212297
9	2.60314437262018
2	2.40654018043395
15	2.3541084391474
6	3.22245633667925
9	2.19865708695442
2	2.63447727016073
3	2.34439227368511
6	1.69897000433602
11	2.68663626926229
6	2.56229286445647
6	2.69722934275972
6	2.72754125702856
13	1.61278385671974
13	0.778151250383644
4	2.58771096501891
5	2.63948648926859
9	2.68394713075151
9	2.57518784492766
14	1.04139268515822
9	2.65801139665711
1	2.89042101880091
2	2.73798732633343
14	2.35983548233989
9	1.84509804001426
2	3.31576049066573
4	2.34044411484012
6	2.92634244662566
6	2.85430604180108
8	2.47275644931721
2	2.77232170672292
5	1.6232492903979
2	3.65753388755799
2	2.80002935924413
2	2.31597034545692
5	2.04139268515822
2	2.39794000867204
2	2.07554696139253
2	3.23729233756746
6	2.86923171973098
12	2.3096301674259
9	2.12385164096709
10	2.6570558528571
9	2.50514997831991
1	3.05461305455689
8	2.67760695272049
7	2.06069784035361
9	2.6414741105041
9	2.48429983934679
6	2.22271647114758
9	2.89762709129044
9	2.86153441085904
6	2.80753502806885
8	2.27415784926368
7	2.19033169817029
4	2.63948648926859
3	1.92427928606188
2	2.79309160017658
2	2.32633586092875
9	2.26717172840301
5	2.78175537465247
3	2.28555730900777
5	2.66651798055488
9	2.66558099101795
8	2.61278385671974
9	2.90794852161227
10	2.43296929087441
6	2.5705429398819
6	2.47129171105894
9	2.45024910831936
9	2.6170003411209
9	2.5854607295085
9	2.51851393987789
9	2.55388302664387
9	2.37657695705651
9	2.33445375115093
4	2.32837960343874
5	2.47712125471966
6	2.57634135020579
3	2.7041505168398
6	2.69635638873333
9	2.62117628177504
7	2.7481880270062
6	2.38021124171161
8	2.05690485133647
9	2.28330122870355
9	2.02938377768521
9	2.68394713075151
9	2.27415784926368
1	2.42160392686983
9	2.33041377334919
10	2.29003461136252
9	1.89209460269048
6	1.73239375982297
4	2.75434833571102
6	2.55630250076729
6	2.51454775266029
6	2.57170883180869
6	2.45636603312904
4	2.67577834167408
1	2.71180722904119
5	1.75587485567249
8	2.58092497567562
2	2.80482067872116
1	2.70842090013471
2	2.20682587603185
2	2.78390357927273
9	2.72997428569956
8	1.73239375982297
9	2.22271647114758
4	2.48855071650044
2	2.60422605308447
6	2.85430604180108
9	2.46089784275655
9	2.58092497567562
2	1.38021124171161
4	2.29003461136252
6	2
1	2.51982799377572
2	1.07918124604762
2	1.27875360095283
1	2.19589965240923
1	1.67209785793572
2	2.79448804665917
9	2.44715803134222
6	2.85308952985187
6	2.99078269180314
6	3.16494737262184
5	1.88649072517248
9	3.01029995663981
8	1.69019608002851
10	2.45939248775923
8	2.97034687623009
9	2.86864443839483
11	2.31386722036915
5	2.59439255037543
10	1.91907809237607
9	3.02036128264771
9	2.29003461136252
9	3.42651126136458
9	2.2718416065365
10	2.55388302664387
6	2.81358098856819
6	2.98452731334379
9	2.40312052117582
1	2.34242268082221
1	2.8555191556678
9	2.89431606268444
9	2.58206336291171
4	2.77524625974024
1	2.84447717574568
1	2.72672720902657
1	2.42651126136458
6	2.34242268082221
8	3.4896772916637
9	3.03901732199741
6	2.41995574848976
9	2.59879050676312
2	2.69810054562339
15	
10	2.13353890837022
9	2.81291335664286
9	2.77232170672292
9	1.77815125038364
11	2.6570558528571
9	2.68214507637383
10	2.76042248342321
6	2.51054501020661
10	2.55266821611219
2	2.66745295288995
2	2.42324587393681
16	2.23299611039215
15	2.63447727016073
14	2.34044411484012
15	2.48000694295715
5	2.59549622182557
9	2.51321760006794
9	1.44715803134222
11	1.68124123737559
7	2.16136800223497
9	2.05690485133647
8	2.07918124604762
14	
9	2.62940959910272
9	2.48995847942483
9	2.45024910831936
9	2.41161970596323
1	1.88649072517248
12	2.50379068305718
4	2.4345689040342
6	2.69635638873333
5	1.94939000664491
10	2.59217675739587
14	1.78532983501077
2	2.53781909507327
3	2.08278537031645
6	3.23779499327392
14	3.46104809167066
5	2.11727129565576
6	2.1430148002541
6	2.33041377334919
15	2.94001815500766
5	2.74115159885178
15	2.46686762035411
9	2.77232170672292
9	1.99563519459755
1	2.55509444857832
9	2.27646180417324
2	2.71180722904119
2	2.3384564936046
6	1.86923171973098
4	1.55630250076729
4	2.7701152947871
6	2.21218760440396
1	1.88081359228079
6	2.62634036737504
9	2.65417654187796
6	2.42488163663107
6	1.5910646070265
8	1.69019608002851
5	3.07809415040641
9	2.30535136944662
9	2.76117581315573
6	2.61066016308988
5	2.86033800657099
6	2.9329808219232
6	2.71516735784846
9	2.55144999797287
15	2.57978359661681
4	2.99255351783214
6	2.91434315711944
6	2.55144999797287
8	3.05994188806195
2	1.83884909073726
6	2.27415784926368
9	2.38916608436453
6	2.75204844781944
2	2.01703333929878
6	2.20682587603185
8	2.24551266781415
9	3.16166741243774
6	2.84757265914211
6	2.35793484700045
11	2.13987908640124
16	2.3541084391474
9	2.44404479591808
1	2.82216807936802
15	1.99122607569249
2	1.57978359661681
2	1.83250891270624
4	2.57287160220048
8	1.60205999132796
6	1.44715803134222
1	2.68930885912362
1	2.56229286445647
15	1.85125834871908
13	2.16435285578444
14	2.26717172840301
13	2.33445375115093
10	1.95904139232109
13	1.88649072517248
10	2.26481782300954
10	
2	2.2148438480477
2	2.65321251377534
5	2.3541084391474
2	2.2148438480477
9	1.73239375982297
5	2.8109042806687
10	2.75358305889291
6	2.68752896121463
3	3.24723654950676
3	2.73158876518674
6	2.46239799789896
5	2.33041377334919
6	2.73078227566639
3	2.96567197122011
2	3.12057393120585
7	1.89209460269048
6	2.11058971029925
8	2.16435285578444
9	2.63346845557959
8	2.92992956008459
8	2.66931688056611
2	2.50785587169583
2	1.44715803134222
2	1.43136376415899
4	2.36172783601759
6	2.25285303097989
3	2.60852603357719
4	3.06333335895175
4	2.40312052117582
6	2.22530928172586
5	2.51587384371168
2	2.60852603357719
2	1.53147891704226
6	2.71180722904119
8	2.10037054511756
11	2.40483371661994
14	1.94939000664491
9	1.5910646070265
13	1.74036268949424
6	2.21218760440396
2	2.48713837547719
6	2.00432137378264
8	2.62117628177504
6	
6	2.41664050733828
9	1.69019608002851
11	2.51454775266029
2	2.47421626407626
5	2.6570558528571
6	2.79588001734408
6	2.73319726510657
9	2.57863920996807
9	2.42651126136458
4	2.71264970162721
9	2.29666519026153
2	2.38560627359831
2	2.29225607135648
5	2.49276038902684
3	2.06445798922692
9	2.57170883180869
9	2.55266821611219
6	2.51188336097887
9	2.05690485133647
9	2.05307844348342
16	2.53147891704225
14	2.58994960132571
16	2.64345267648619
16	2.47129171105894
16	2.51188336097887
14	
14	2.48855071650044
16	2.26245108973043
9	2.55388302664387
12	2.42324587393681
3	2.17026171539496
2	2.5705429398819
2	1.92427928606188
2	1.36172783601759
2	2.72345567203519
5	2.30102999566398
2	2.52374646681156
2	2.61384182187607
2	2.42160392686983
10	2.19589965240923
13	1.7481880270062
5	1.67209785793572
12	2.24797326636181
4	1.85125834871908
9	2.49276038902684
11	
9	1.69019608002851
11	2.9304395947667
8	2.32633586092875
11	
9	2.02530586526477
16	2.04139268515822
9	2.77742682238931
16	
6	1.77085201164214
5	
11	2.6222140229663
2	2.95856388322197
6	2.13033376849501
2	2.12385164096709
3	2.16435285578444
14	2.25527250510331
9	
11	1.93449845124357
11	2.52244423350632
9	1.93449845124357
11	
9	
11	1.83250891270624
7	1.61278385671974
5	
3	
10	
14	2.69635638873333
9	1.90308998699194
11	2.48855071650044
14	2.13353890837022
4	2.28555730900777
5	2.48429983934679
13	2.02530586526477
1	
13	1.97772360528885
7	
16	2.78103693862113
16	
6	2.06445798922692
9	2.32428245529769
9	2.69983772586725
9	2.46982201597816
9	2.46538285144842
10	2.79865064544527
11	2.71349054309394
2	1.53147891704226
6	2.27875360095283
4	2.69284691927723
11	2.71264970162721
4	
10	2.44247976906445
11	1.90308998699194
2	
6	
11	2.74115159885178
11	2.13353890837022
14	1.83884909073726
11	2.19589965240923
6	1.49136169383427
5	2.30535136944662
12	1.83250891270624
9	
11	2.15533603746506
13	2.35602585719312
6	2.17609125905568
14	2.18184358794477
13	2.53781909507327
11	1.74036268949424
10	2.4983105537896
11	
8	3.1152775913959
16	
9	2.03342375548695
11	
8	
4	
12	1.36172783601759
9	2.5910646070265
9	
7	2.3324384599156
9	2.63848925695464
8	2.4814426285023
5	2.76566855475901
12	2.00860017176192
10	1.99122607569249
11	2.42160392686983
7	2.5854607295085
8	2.56110138364906
16	
6	1.7481880270062
6	
9	2.19312459835446
11	
11	2.08278537031645
9	1.32221929473392
13	2.79518458968242
2	2.61066016308988
6	2.40823996531185
14	2.02938377768521
8	2.92685670894969
6	2.55022835305509
5	2.55144999797287
9	2.59988307207369
7	2.40654018043395
9	2.68304703823885
6	2.9106244048892
6	2.85186960072977
8	2.74429298312268
6	1.94448267215017
6	2.42975228000241
8	2.46089784275655
9	1.86332286012046
6	2.41329976408125
10	2.43775056282039
15	1.92941892571429
1	2.32221929473392
9	2.60852603357719
13	1.76342799356294
9	2.8109042806687
11	
14	2.30319605742049
6	
4	
9	1.60205999132796
9	2.90902085421116
14	3.2319790268315
9	1.5910646070265
11	1.56820172406699
6	2.66651798055488
4	
8	2.80002935924413
11	2.39794000867204
8	2.74973631556906
11	2.40823996531185
10	
4	
9	2.77887447200274
9	2.66651798055488
9	2.37291200297011
9	2.26245108973043
9	2.2405492482826
2	1.99122607569249
5	2.36172783601759
3	1.79934054945358
7	1.46239799789896
8	1.30102999566398
13	2.88649072517248
8	1.98677173426624
12	
6	2.40993312333129
9	2.03342375548695
9	2.94596070357757
7	2.92941892571429
13	2.2405492482826
13	1.27875360095283
15	2.4456042032736
2	
11	2.12057393120585
16	3.02118929906994
5	
6	
4	2.24303804868629
8	3.25406445291434
9	2.22788670461367
7	2.50105926221775
3	2.59769518592551
14	
13	1.5910646070265
16	
16	1.94448267215017
9	2.56820172406699
6	2.59988307207369
5	2.35602585719312
14	2.14921911265538
14	2.11727129565576
6	2.26007138798507
9	2.76789761601809
2	2.40823996531185
13	2.75511226639507
8	
6	2.90145832139611
6	1.7481880270062
6	
5	1.91381385238372
2	2.16435285578444
9	1.63346845557959
9	
13	2.53019969820308
2	2.73319726510657
11	2.10380372095596
9	2.32014628611105
11	
9	3.03822263836872
1	2.65321251377534
9	2.10380372095596
9	
9	2.72916478969277
11	2.61278385671974
13	2.57863920996807
6	2.17318626841227
15	
5	1.9731278535997
10	2.2380461031288
9	1.86332286012046
14	
9	2.55630250076729
9	2.3747483460101
9	2.33041377334919
10	
12	1.92427928606188
13	2.40140054078154
6	2.46834733041216
11	2.54900326202579
11	2.27415784926368
13	2.04139268515822
2	2.85793526471943
11	2.82216807936802
9	
8	1.95904139232109
4	
11	1.76342799356294
9	2.55509444857832
9	2.86272752831797
13	2.27875360095283
9	1.61278385671974
2	2.02530586526477
9	2.79309160017658
9	2.57863920996807
15	
12	1.56820172406699
11	1.9731278535997
6	
9	
11	1.91381385238372
11	2.25527250510331
16	
5	2.21748394421391
7	2.59879050676312
6	1.27875360095283
5	2.52374646681156
6	2.24551266781415
8	2.28555730900777
13	2.10380372095596
12	1.30102999566398
4	3.15956719323362
12	
8	1.51851393987789
9	2.91960102378411
11	2.56348108539441
9	1.07918124604762
5	3.33385014510254
9	2.86033800657099
9	2.07554696139253
4	2.66651798055488
5	
9	
16	2.20411998265592
2	2.97034687623009
13	
16	
16	
9	2.12710479836481
9	2.41497334797082
9	1.89209460269048
9	1.39794000867204
5	3.20194306340165
2	
6	2.0899051114394
16	
10	2.08635983067475
4	1.57978359661681
6	1.49136169383427
4	2.33445375115093
11	2.17897694729317
11	1.85733249643127
9	1.88649072517248
4	
13	
4	
16	
9	2.76342799356294
14	2.85186960072977
4	
16	
11	
11	2.47856649559384
10	2.64933485871214
16	
13	2.72181061521255
13	2.47712125471966
16	
1	
3	2.30535136944662
2	1.73239375982297
2	2.35218251811136
16	
2	3.02897770520878
6	3.04610478724604
2	2.74429298312268
2	2.10037054511756
2	2.56937390961505
2	2.55022835305509
1	2.05690485133647
1	2.70926996097583
2	2.65417654187796
2	2.11394335230684
12	2.41161970596323
2	1.30102999566398
1	2.63447727016073
2	2.40312052117582
9	1.50514997831991
5	2.4996870826184
2	2.74350976472843
2	2.71516735784846
4	2.58771096501891
8	2.49692964807321
8	0.954242509439325
8	2.7427251313047
9	2.53655844257153
9	2.19589965240923
9	2.62531245096167
13	1.77085201164214
11	2.68663626926229
5	2.00860017176192
2	2.85853719756964
2	2.74507479158206
2	2.94987770403687
9	1.79239168949825
6	2.87215627274829
2	2.58319877396862
2	
2	2.04921802267018
5	2.69635638873333
6	2.3324384599156
6	2.31597034545692
6	2.73878055848437
9	2.76417613239033
5	2.99255351783214
6	2.02938377768521
8	3.07040732174012
9	2.6232492903979
9	2.31175386105575
6	2.3747483460101
9	3.09377178149873
6	2.42975228000241
2	1.72427586960079
7	2.68752896121463
2	2.80685802951882
9	2.69983772586725
8	2.79169064902012
9	2.19589965240923
9	1.77815125038364
4	2.58771096501891
11	2.85793526471943
5	2.7419390777292
4	1.90308998699194
9	2.14612803567824
9	2.56348108539441
9	2.83569057149243
6	2.89320675305985
7	2.66181268553726
9	2.17318626841227
6	2.76042248342321
9	2.31806333496276
2	2.60959440922522
2	2.09691001300806
6	2.93951925261862
6	2.12057393120585
6	2.2380461031288
9	2.54900326202579
2	1.85125834871908
11	1.57978359661681
2	2.94250410616808
9	2.06445798922692
2	2.28555730900777
2	2.4345689040342
9	3.00902574208691
9	2.47275644931721
2	2.80482067872116
5	2.93399316383124
8	2.91960102378411
9	2.42813479402879
3	2.11727129565576
2	2.19865708695442
2	2.91855453055027
2	1.78532983501077
8	2.54406804435028
9	2.10037054511756
6	2.58771096501891
6	2.97081161087252
9	2.14612803567824
9	2.68033551341456
6	2.61489721603313
2	2.56110138364906
2	2.39619934709574
2	2.81358098856819
2	2.90579588036787
2	2.74896286125616
2	2.1846914308176
2	2.25285303097989
5	2.57863920996807
9	2.25042000230889
6	1.57978359661681
9	2.48995847942483
9	2.38560627359831
9	2.38738982633873
6	2.75891189239797
6	2.37291200297011
4	3.55594043781851
6	2.10720996964787
2	2.53655844257153
2	1.88649072517248
2	2.05307844348342
6	2.58994960132571
5	1.86332286012046
6	2.3654879848909
9	2.87737134586977
5	2.68752896121463
2	2.10380372095596
2	1.11394335230684
2	2.34439227368511
2	2.17609125905568
2	2.69372694892365
7	2.84447717574568
9	2.56229286445647
9	2.86391737695786
11	2.19865708695442
16	
9	3.05690485133647
13	1.8750612633917
9	2.80617997398389
9	2.22010808804006
9	3.06333335895175
6	2.55630250076729
2	2.17609125905568
2	2.26007138798507
6	2.65513843481138
1	1.60205999132796
9	1.27875360095283
6	2.53655844257153
3	2.44090908206522
4	2.75281643118827
9	2.2380461031288
9	2.73319726510657
6	2.69460519893357
6	2.64738297011462
6	2.32633586092875
6	2.38201704257487
4	2.63346845557959
9	2.50514997831991
16	2.10720996964787
9	2.27415784926368
6	2.58433122436753
5	2.5705429398819
6	2.24797326636181
4	2.97034687623009
7	2.73158876518674
9	2.35218251811136
9	3.14798532068381
6	2.50514997831991
1	1.90308998699194
5	1.44715803134222
11	2
4	2.57403126772772
1	1.92941892571429
9	2.42975228000241
9	2.00432137378264
9	2.81424759573192
4	2.4996870826184
9	1.64345267648619
6	1.8750612633917
6	2.99956548822598
5	2.60205999132796
4	2.41329976408125
9	2.07918124604762
9	2.50785587169583
4	1.79934054945358
2	2.73078227566639
6	2.57170883180869
9	2.76117581315573
12	2.78816837114117
6	3.1296898921993
1	2.24303804868629
14	2.05690485133647
1	2.26951294421792
2	
17	
1	
3	2.68214507637383
6	1.94448267215017
3	2.94497590841205
9	2.27646180417324
6	2.60314437262018
9	1.41497334797082
9	2.37291200297011
9	2.1430148002541
4	2.65896484266443
11	2.06445798922692
4	2.38201704257487
6	2.17897694729317
2	2.54654266347813
6	2.70586371228392
9	2.84198480459011
6	2.32837960343874
6	2.34044411484012
11	2.41497334797082
2	2.59988307207369
4	
9	2.9216864754836
8	1.95424250943932
9	2.40483371661994
2	2.69108149212297
2	
5	2.67209785793572
11	2.2405492482826
9	2.55266821611219
3	2.42324587393681
9	2.70500795933334
12	2.25767857486918
6	2.48995847942483
2	2.23044892137827
4	2.50785587169583
9	2.71180722904119
8	2.56702636615906
6	1.92427928606188
2	
3	2.01703333929878
10	2.64738297011462
11	1.81954393554187
8	2.24551266781415
17	2.22788670461367
2	2.11058971029925
6	2.25042000230889
6	2.41161970596323
4	1.84509804001426
2	
13	2.98766626492627
4	2.85064623518307
6	2.46686762035411
11	2.65030752313194
5	2.58319877396862
8	
9	1.47712125471966
12	2.14612803567824
6	2.17026171539496
6	2.04921802267018
4	2.56937390961505
7	2.36361197989214
2	
4	1.8750612633917
6	2.55388302664387
6	2.46686762035411
14	1.72427586960079
6	2.70586371228392
11	1.43136376415899
8	1.77815125038364
12	2.68033551341456
10	1.78532983501077
5	2.6063813651106
2	2.22271647114758
6	2.25527250510331
2	2.29666519026153
9	1.56820172406699
9	2.13987908640124
9	2.97909290063833
9	3.09412159584056
4	2.59549622182557
7	1.60205999132796
2	2.57170883180869
2	2.03742649794062
2	2.22788670461367
2	2.70070371714502
2	2.69460519893357
6	2.77085201164214
6	2.63548374681491
12	2.17318626841227
3	
5	1.30102999566398
6	2.12057393120585
5	2.66745295288995
5	2.30535136944662
8	3.07990446766672
2	2.40993312333129
6	2.13987908640124
10	2.35793484700045
9	2.08635983067475
11	2.73479982958885
9	2.06818586174616
11	2.44247976906445
4	2.36361197989214
6	2.13987908640124
2	2.44715803134222
6	2.02530586526477
15	2.87737134586977
8	2.91803033678488
4	2.63144376901317
3	3.71096311899528
4	2.70926996097583
9	2.80277372529198
9	2.04532297878666
6	2.76042248342321
9	2.20682587603185
6	1.68124123737559
4	2.91169015875386
6	2.17609125905568
5	2.18752072083646
5	1.81291335664286
8	2.65224634100332
2	2.69372694892365
6	2.6222140229663
9	3.51811894714315
2	2.13987908640124
2	
2	2.56110138364906
12	2.63748972951251
10	1.44715803134222
6	2.8767949762007
9	2.06069784035361
9	2.94645226501307
6	2.33645973384853
6	2.0899051114394
11	1.85733249643127
15	1.82607480270083
15	1.67209785793572
14	3.38147609027503
16	2.7427251313047
14	1.88649072517248
11	2.11058971029925
16	1.85125834871908
16	1.88081359228079
9	2.50650503240487
11	2.55509444857832
11	1.53147891704226
16	1.8750612633917
14	1.9731278535997
10	2.45024910831936
14	2.41161970596323
10	1.38021124171161
10	2.48713837547719
16	1.92941892571429
16	1.92941892571429
12	2.4996870826184
16	1.84509804001426
10	1.82607480270083
6	2.88081359228079
9	1.23044892137827
6	2.45939248775923
9	2.40654018043395
6	2.10720996964787
2	2.93901977644867
2	2.0899051114394
8	2.47421626407626
2	2.51982799377572
2	2.19865708695442
4	2.80482067872116
2	2.87621784059164
4	2.23299611039215
5	2.26951294421792
9	2.40312052117582
9	1.94448267215017
6	2.57287160220048
6	2.47712125471966
2	2.75966784468963
6	2.8842287696326
9	1.84509804001426
2	2.56466606425209
6	2.54032947479087
3	2.68304703823885
2	2.8234742291703
2	2.46389298898591
6	1.92941892571429
8	2.5092025223311
9	2.79239168949825
6	2.80482067872116
9	2.4983105537896
9	3.55714614231836
9	2.48000694295715
14	1.63346845557959
9	3.14176323027579
14	2.29666519026153
14	2.73479982958885
9	1.99122607569249
9	2.36735592102602
9	2.48429983934679
9	2.53529412004277
9	2.13033376849501
9	3.20139712432045
14	2.40823996531185
2	2.75815462196739
5	2.31806333496276
9	2.68033551341456
9	2.41830129131975
1	2.68304703823885
1	2.50650503240487
1	2.2148438480477
1	2.56348108539441
1	2.2148438480477
13	2.43136376415899
1	2.56937390961505
2	2.53907609879278
13	2.41497334797082
16	2.75815462196739
10	1.83250891270624
6	2.63447727016073
10	2.59217675739587
5	2.71516735784846
11	2.37839790094814
6	2.30749603791321
6	2.21218760440396
9	1.9731278535997
13	1.46239799789896
9	2.19865708695442
10	1.51851393987789
16	2.39093510710338
16	2.03342375548695
16	2.15228834438306
14	2.69810054562339
16	2.46686762035411
9	1.79934054945358
9	2.76715586608218
9	2.39093510710338
13	2.77670118398841
13	1.60205999132796
13	2.02938377768521
5	2.58206336291171
9	2.73878055848437
11	2.64345267648619
11	2.32221929473392
9	2.85853719756964
9	1.23044892137827
12	2.14921911265538
9	2.03342375548695
9	2.74115159885178
9	2.07918124604762
5	2.65896484266443
2	2.40312052117582
14	2.89153745767256
16	2.54530711646582
15	2.31175386105575
14	2.09691001300806
16	1.90848501887865
11	2.44247976906445
13	1.83884909073726
9	1.75587485567249
10	1.83250891270624
16	1.74036268949424
10	2.81624129999178
2	2.83505610172012
9	2.4983105537896
5	2.14612803567824
9	1.99122607569249
9	2.02530586526477
11	2.30319605742049
9	2.64640372622307
6	1.81954393554187
10	1.95904139232109
9	2.62531245096167
11	2.24551266781415
11	2.3324384599156
11	1.83250891270624
11	1.85733249643127
15	1.77815125038364
5	2.26007138798507
10	2.39093510710338
9	1.82607480270083
9	2.42324587393681
12	2.02938377768521
9	2.26951294421792
2	2.64048143697042
6	2.2718416065365
14	1.90848501887865
11	2.89707700320942
12	2.57518784492766
11	2.21748394421391
9	1.41497334797082
9	1.8750612633917
11	2.57403126772772
9	2.57978359661681
11	2.26481782300954
11	1.89762709129044
10	2.50514997831991
10	3.01325866528352
10	1.77085201164214
6	2.63948648926859
8	2.12057393120585
11	2.69196510276736
9	2.2405492482826
9	2.35793484700045
1	1.51851393987789
5	2.05307844348342
6	1.41497334797082
2	2.24303804868629
7	2.68841982200271
2	2.66745295288995
16	2.10037054511756
2	2.68124123737559
2	2.30749603791321
9	2.24797326636181
2	1.49136169383427
4	2.67209785793572
8	2.55630250076729
9	2.63748972951251
6	2.53402610605613
2	2.0899051114394
5	2.23552844690755
9	2.32014628611105
2	2.00432137378264
2	3.29247759366778
6	3.11727129565576
3	2.57518784492766
6	1.92427928606188
10	2.70757017609794
9	2.74507479158206
9	2.92890769024395
9	2.80617997398389
9	2.57287160220048
9	2.94694327069783
5	2.80955971463527
2	2.75434833571102
2	2.07188200730613
1	2.37839790094814
2	2.41329976408125
2	2.3096301674259
9	2.60530504614111
11	2.48572142648158
9	1.95904139232109
9	2.15836249209525
9	2.43933269383026
5	2.24303804868629
9	2.13033376849501
8	2.92839585225671
6	2.70586371228392
8	2.75511226639507
9	2.90794852161227
8	2.10380372095596
9	1.92427928606188
9	2.32014628611105
9	2.29003461136252
7	2.99607365448528
10	2.59328606702046
9	2.69810054562339
6	2.74036268949424
6	2.80821097292422
9	2.41497334797082
9	2.48287358360875
9	2.58771096501891
7	2.7481880270062
9	2.92116605063774
9	2.63346845557959
8	2.84135947045485
9	2.98000337158375
6	2.45788189673399
6	2.35024801833416
8	2.43775056282039
8	2.22788670461367
9	1.78532983501077
9	2.65417654187796
6	2.73957234445009
2	2.6222140229663
2	2.30319605742049
2	3.24079877111733
2	2.53019969820308
15	2.41664050733828
2	2.76789761601809
9	2.71683772329952
6	2.64542226934909
9	2.66931688056611
6	2.73319726510657
4	2.71933128698373
9	2.47856649559384
2	2.52244423350632
2	2.32014628611105
2	2.48713837547719
9	2.91592721169712
6	1.90308998699194
2	2.21218760440396
6	2.57518784492766
2	1.69019608002851
6	2.4983105537896
7	2.19033169817029
1	2.3654879848909
9	2.89320675305985
2	2.72427586960079
2	2.66558099101795
2	2.69019608002851
2	2.73078227566639
2	2.07554696139253
1	2.40823996531185
2	2.80955971463527
5	2.84757265914211
11	2.64933485871214
2	2.22788670461367
9	2.71096311899528
9	2.37106786227174
9	2.67394199863409
9	2.59328606702046
6	2.79518458968242
9	2.21218760440396
9	1.43136376415899
6	2.54654266347813
2	3.30835094858673
6	2.51321760006794
6	1.95424250943932
9	2.70243053644553
2	2.41830129131975
6	2.54282542695918
2	1.57978359661681
11	
5	2.56584781867352
6	2.61489721603313
6	
16	2.01283722470517
16	1.30102999566398
11	2.46389298898591
2	2.43933269383026
2	2.28780172993023
12	1.43136376415899
2	1.63346845557959
5	2.55509444857832
9	1.99563519459755
8	2.48995847942483
6	2.30319605742049
6	2.76566855475901
15	2.13672056715641
14	2.31386722036915
14	2.01703333929878
11	2.90525604874845
9	2.4456042032736
17	2.91009054559407
11	2.24797326636181
15	2.04532297878666
16	2.16731733474818
16	2.6730209071289
16	2.30535136944662
16	2.35602585719312
9	2.07918124604762
10	2.47712125471966
9	1.64345267648619
9	2.2148438480477
9	2.59988307207369
2	1.94448267215017
9	2.62736585659273
1	1.61278385671974
2	1.34242268082221
16	1.34242268082221
17	1.25527250510331
1	1.25527250510331
2	2.95133751879592
2	2.56584781867352
2	2.3324384599156
2	2.33645973384853
2	2.45178643552429
5	2.65321251377534
6	2.73319726510657
6	2.40140054078154
6	2.6232492903979
16	2.53655844257153
9	2.15533603746506
2	2.14921911265538
12	2.40993312333129
13	
8	2.17026171539496
2	2.10037054511756
2	2.22530928172586
6	1.78532983501077
3	2.6730209071289
9	2.29003461136252
6	2.56110138364906
6	2.88817949391833
5	2.48995847942483
5	2.8668778143375
6	2.51719589794997
8	2.88309335857569
9	2.00860017176192
10	2.89431606268444
9	2.19589965240923
9	1.51851393987789
11	2.20139712432045
2	2.66745295288995
4	2.71096311899528
3	2.72263392253381
8	2.67024585307412
6	2.39445168082622
6	2.36921585741014
9	2.58319877396862
9	2.39794000867204
9	2.61489721603313
6	2.90036712865647
9	3.11226976841727
1	2.94546858513182
8	3.12090281761453
14	2.70156798505593
5	2.7979596437372
4	2.78390357927273
9	2.50379068305718
6	2.51054501020661
4	2.40993312333129
9	2.81424759573192
6	2.66651798055488
9	2.98497712641549
4	2.72345567203519
4	1.34242268082221
2	2.31806333496276
4	2.46089784275655
6	2.80413943233535
9	2.12385164096709
9	2.76937732607614
8	2.06818586174616
6	2.60745502321467
8	3.02325245963371
2	2.55144999797287
11	1.78532983501077
6	3.49748253736737
2	2.01703333929878
6	2.78746047451842
2	2.32633586092875
2	2.62940959910272
6	2.8394780473742
2	2.67486114073781
2	2.78604121024255
2	2.30102999566398
1	2.45024910831936
12	2.64933485871214
1	2.26481782300954
14	2.59439255037543
2	1.46239799789896
2	1.67209785793572
2	2.02118929906994
8	2.42651126136458
6	0.903089986991943
2	2.42488163663107
4	2.40140054078154
2	2.29666519026153
2	2.07188200730613
2	2.6730209071289
2	2.67394199863409
2	2.53019969820308
2	1.81954393554187
2	1.83884909073726
2	1.95904139232109
2	1.54406804435028
2	2.16435285578444
2	1.81291335664286
2	2.45331834004704
2	2.39967372148104
9	2.50785587169583
16	2.45939248775923
15	2.45939248775923
2	2.36921585741014
3	2.28103336724773
6	2.6232492903979
9	2.05690485133647
14	2.91698004732038
16	1.86923171973098
17	2.13672056715641
14	2.48000694295715
8	1.44715803134222
2	2.52374646681156
9	2.73878055848437
6	2.63042787502502
9	2.8481891169914
17	2.55870857053317
5	3.12483014941386
9	2.42324587393681
9	1.89209460269048
6	2.17026171539496
2	1.39794000867204
1	2.79379038469082
1	1.91907809237607
2	1.96848294855394
6	1.69897000433602
6	2.0899051114394
2	2.13672056715641
11	3.45239984591144
2	2.67117284271508
6	1.46239799789896
2	2.75511226639507
2	1.81954393554187
3	2.51188336097887
2	2.25285303097989
6	2.60422605308447
2	2.79028516403324
2	2.53907609879278
3	2.85430604180108
5	2.73319726510657
6	2.47421626407626
6	1.94448267215017
9	2.74036268949424
6	2.59659709562646
6	3.70799574642293
1	2.66931688056611
2	2.93951925261862
2	2.81954393554187
2	2.92272545799326
9	2.44715803134222
9	2.41497334797082
12	1.90848501887865
13	2.88705437805096
1	2.40993312333129
5	1.94448267215017
4	2.48429983934679
2	2.71096311899528
1	1.56820172406699
2	2.42651126136458
2	1.83250891270624
6	2.67669360962487
2	1.41497334797082
14	2.90036712865647
2	2.62940959910272
2	1.99563519459755
2	2.53402610605613
2	2.47275644931721
2	2.08278537031645
2	2.25285303097989
2	2.30102999566398
2	2.43296929087441
2	2.81157500587059
4	2.84385542262316
4	2.71264970162721
9	2.59217675739587
2	3.59262082132198
2	2.38560627359831
2	1.38021124171161
6	2.55266821611219
5	3.18440748541232
2	2.34635297445064
6	2.27646180417324
5	2.42324587393681
6	2.12057393120585
4	2.73078227566639
6	2.88930170250631
5	2.88081359228079
5	2.79448804665917
6	3.07188200730613
5	2.43933269383026
6	3.02571538390134
6	2.8394780473742
6	2.77597433112937
6	2.75891189239797
8	2.69983772586725
6	3.03302144468291
6	2.30102999566398
9	2.55144999797287
5	2.67577834167408
9	2.13033376849501
9	2.57403126772772
6	2.72098574415374
6	2.94001815500766
6	2.34830486304816
9	2.99299509843134
8	1.7481880270062
6	2.82672252016899
6	2.75815462196739
6	2.66651798055488
6	2.26717172840301
5	2.25042000230889
1	2.36172783601759
6	2.80821097292422
9	2.97497199429807
5	2.60959440922522
6	2.53529412004277
5	3.23019337886905
13	2.84010609445676
9	2.22271647114758
6	2.87966920563205
6	2.42975228000241
4	2.77232170672292
5	2.56229286445647
6	2.57863920996807
6	1.80617997398389
4	2.13033376849501
2	2.10037054511756
2	2.69460519893357
8	2.85369821177617
7	2.73239375982297
2	2.6170003411209
6	1.69897000433602
4	1.7160033436348
9	1.36172783601759
8	3.11494441571258
9	2.37657695705651
9	2.12385164096709
7	2.18184358794477
9	2.61489721603313
2	1.95424250943932
1	2.67851837904011
4	2.04921802267018
2	2.04532297878666
2	2.09342168516224
6	2.35793484700045
5	2.78461729263288
9	2.76042248342321
9	2.38738982633873
10	2.37291200297011
11	2.81756536955978
9	2.47421626407626
11	1.27875360095283
1	2.69372694892365
2	2.11058971029925
2	2.30749603791321
9	2.1846914308176
1	1.86332286012046
14	2.59328606702046
2	2.37657695705651
2	2.39619934709574
2	1.99122607569249
2	2.5910646070265
2	2.65513843481138
2	2.84010609445676
16	1.88649072517248
13	2.54530711646582
4	1.88649072517248
6	1.6232492903979
6	3.17289469775218
9	2.16136800223497
2	2.00860017176192
6	2.23299611039215
2	2.74115159885178
1	2.60205999132796
2	2.80685802951882
2	2.10720996964787
16	2.95616843047536
7	2.38021124171161
9	2.36172783601759
7	2.29885307640971
8	2.80345711564841
9	2.93801909747621
9	3.05153839051533
11	2.27415784926368
9	2.12710479836481
8	2.28103336724773
10	2.71516735784846
9	2.57978359661681
9	1.76342799356294
9	2.66464197555613
15	
11	
9	2.34439227368511
9	
9	3.42813479402879
9	3.02571538390134
7	2.63245729218472
9	2.95520653754194
9	2.23552844690755
12	2.64345267648619
9	2.94448267215017
12	2.62940959910272
16	2.51719589794997
9	2.20951501454263
15	2.27415784926368
14	2.12385164096709
11	1.85125834871908
4	2.25285303097989
11	1.88649072517248
15	2.57287160220048
17	2.31806333496276
9	2.08278537031645
12	2.54530711646582
9	2.43136376415899
15	1.61278385671974
14	2.52504480703684
11	2.42813479402879
12	2.38560627359831
7	2.09691001300806
9	2.41830129131975
16	2.87852179550121
14	2.36172783601759
12	2.03342375548695
15	1.88081359228079
13	1.83884909073726
17	1.75587485567249
13	2.34439227368511
15	2.17609125905568
11	2.24303804868629
12	2.78390357927273
15	
4	2.3384564936046
4	2.65030752313194
2	2.75815462196739
2	2.36172783601759
2	1.39794000867204
2	2.23552844690755
2	2.50242711998443
10	2.59659709562646
4	2.31386722036915
4	2.53147891704225
3	2.59659709562646
5	2.49692964807321
3	2.70926996097583
2	2.52504480703684
2	2.4996870826184
2	2.22271647114758
10	2.58206336291171
9	2.54530711646582
2	3.36698297597785
6	2.63144376901317
4	1.90308998699194
9	2.96661098668193
1	2.17026171539496
7	1.7481880270062
15	1.96378782734556
14	1.32221929473392
2	2.71349054309394
2	2.64836001098093
2	2.27646180417324
9	2.59328606702046
6	2.00860017176192
9	2.19589965240923
6	2.03342375548695
5	2.39967372148104
6	2.27875360095283
6	2.49276038902684
5	2.30319605742049
5	2.24551266781415
2	2.65513843481138
2	1.95424250943932
9	2.89542254603941
2	2.13033376849501
2	2.51188336097887
9	2.96473092105363
5	2.84695532501982
2	3.02978947083186
1	1.43136376415899
14	2.32633586092875
1	2.39269695325967
1	2.47275644931721
2	2.61278385671974
4	2.63748972951251
4	2.75663610824585
1	2.23552844690755
11	2.32428245529769
3	2.50514997831991
14	2.36921585741014
13	2.20411998265592
9	2.72098574415374
6	2.3384564936046
10	2.64738297011462
9	2.02938377768521
7	2.32014628611105
9	2.46834733041216
4	2.2148438480477
5	2.6222140229663
6	1.85733249643127
5	1.90848501887865
4	2.2380461031288
2	2.20682587603185
1	2.22530928172586
1	2.58658730467175
5	2.95712819767681
6	2.04532297878666
2	2.35024801833416
1	2.17897694729317
8	2.73078227566639
6	1.68124123737559
2	2.45024910831936
9	2.93348728784871
2	1.82607480270083
9	3.00302947055362
9	2.85672889038288
9	2.75663610824585
9	2.76192783842053
4	2.55990662503611
9	2.51719589794997
9	1.50514997831991
6	2.2718416065365
4	1.51851393987789
2	1.99122607569249
2	2.66275783168157
2	2.4996870826184
3	1.89762709129044
8	3.61857102812013
6	2.72427586960079
2	2.63042787502502
2	2.64933485871214
2	2.71096311899528
6	2.35793484700045
11	2.63144376901317
6	1.95904139232109
4	2.78746047451842
6	2.89707700320942
6	2.20951501454263
5	2.73957234445009
10	2.57978359661681
4	2.33041377334919
9	1.94448267215017
8	2.44870631990508
6	1.41497334797082
6	2.56466606425209
8	2.45484486000851
5	2.54282542695918
4	2.80140371001735
6	2.72509452108147
6	2.74115159885178
9	2.47567118832443
7	2.65030752313194
16	2.39967372148104
16	2.61909333062674
6	2.56110138364906
6	2.78675142214556
9	2.96614173273903
4	3.22582599146189
6	1.36172783601759
6	2.59549622182557
2	2.04139268515822
4	2.73639650227664
1	1.32221929473392
5	2.8109042806687
9	2.26717172840301
9	2.68214507637383
7	2.73719264270474
2	1.17609125905568
2	2.52504480703684
2	1.99122607569249
2	1.46239799789896
2	2
2	2.29003461136252
2	2.6159500516564
2	2.54777470538782
1	2.61066016308988
1	2.53655844257153
1	2.41329976408125
6	2.49415459401844
1	2.73559889969818
9	2.47129171105894
6	2.19033169817029
9	2.71349054309394
9	2.22788670461367
9	2.40483371661994
1	2.07188200730613
1	2.13672056715641
9	2
2	2.3654879848909
1	2.69460519893357
2	2.63144376901317
9	2.57518784492766
1	2.86510397464113
9	2.19865708695442
8	2.6170003411209
9	2.20682587603185
1	2.26717172840301
1	2.06818586174616
1	2.79379038469082
1	2.4983105537896
1	2.01283722470517
1	2.47712125471966
1	2.80071707828238
1	2.36921585741014
6	2.5854607295085
1	2.9566485792052
2	2.07554696139253
8	1.90848501887865
8	2.57749179983723
6	2.45484486000851
13	2.69372694892365
9	2.40140054078154
1	2.03342375548695
1	2.57978359661681
1	2.35602585719312
1	2.28555730900777
1	2.66558099101795
1	1.64345267648619
9	
9	1.54406804435028
8	2.69108149212297
9	2.2718416065365
6	1.81291335664286
4	3.03901732199741
2	0.698970004336019
2	2.12710479836481
2	1.65321251377534
2	1.47712125471966
4	2.62531245096167
2	2.21748394421391
2	1.88081359228079
2	1.70757017609794
2	1.56820172406699
5	2.5910646070265
1	3.03502928220237
1	1.46239799789896
2	2.01283722470517
2	2.50105926221775
2	2.80821097292422
2	1.5910646070265
2	2.01703333929878
2	1.90308998699194
11	2.40483371661994
2	1.91907809237607
2	2.32014628611105
2	2.89097959698969
2	2.74973631556906
2	1.96848294855394
2	2.56820172406699
2	2.62013605497376
2	2.46982201597816
2	2.10720996964787
1	2.37291200297011
1	1.53147891704226
1	1.38021124171161
2	2.4983105537896
1	2.52113808370404
1	2.39269695325967
1	2.94743372188705
2	2.64738297011462
6	2.39619934709574
2	2.37291200297011
3	2.12385164096709
2	2.61489721603313
6	2.41161970596323
2	2.54900326202579
2	2.52762990087134
9	2.28555730900777
2	2.42975228000241
6	2.06445798922692
1	1.75587485567249
9	2.47712125471966
1	1.89209460269048
4	2.19589965240923
2	2.15836249209525
3	1.96378782734556
2	1.60205999132796
6	1.99563519459755
6	2.64048143697042
5	1.70757017609794
3	2.3654879848909
2	1.39794000867204
5	1.14612803567824
6	1.54406804435028
2	2.79448804665917
2	1.94448267215017
6	2.52633927738984
8	2.43933269383026
9	2.49276038902684
7	2.91907809237607
9	2.47421626407626
9	2.50379068305718
6	2.06069784035361
11	1.78532983501077
16	1.93951925261862
2	1.56820172406699
3	2.43136376415899
2	1.27875360095283
13	1.07918124604762
14	2.68214507637383
15	3.05269394192497
1	2.39619934709574
2	2.60959440922522
3	1.38021124171161
3	2.60422605308447
2	2.33041377334919
9	2.28555730900777
9	2.2148438480477
9	3.14144977340047
6	2.75663610824585
7	2.22271647114758
9	2.80821097292422
9	1.88649072517248
9	2.2718416065365
2	2.01703333929878
2	2.38738982633873
6	1.95424250943932
2	2.56820172406699
2	2.75739602879302
2	2.43616264704076
2	3.32776748990273
2	2.16435285578444
6	2.70926996097583
2	2.14612803567824
2	2.81224469680037
2	2.23299611039215
3	1.91381385238372
1	2.15836249209525
1	2.04532297878666
1	2.45788189673399
2	2.11394335230684
2	2.67486114073781
2	3.05614226205905
2	2.60959440922522
2	2.52244423350632
2	1.89209460269048
4	2.2380461031288
2	2.4456042032736
2	2.26007138798507
11	2.5705429398819
2	2.63346845557959
2	2.8109042806687
14	2.41329976408125
8	1.74036268949424
8	3.26410915630581
9	2.92839585225671
6	2.08278537031645
16	2.00432137378264
4	2.70671778233676
6	1.88081359228079
6	2.31806333496276
6	2.68214507637383
6	2.83821922190763
6	2.50242711998443
8	2.47567118832443
2	2.47856649559384
9	2.93348728784871
6	2.04139268515822
10	2.72509452108147
2	1.60205999132796
2	2.55509444857832
14	1.96848294855394
5	2.53529412004277
11	2.02938377768521
9	2.65321251377534
9	2.58092497567562
9	2.06818586174616
9	2.47275644931721
9	2.59879050676312
2	2.90145832139611
6	2.47275644931721
6	2.68214507637383
6	2.40483371661994
2	1.80617997398389
9	1.66275783168157
2	2.78461729263288
3	2.43933269383026
9	2.26951294421792
6	1.95424250943932
6	3.27253777737524
6	2.6232492903979
5	2.71180722904119
2	2.97451169273733
2	2.45636603312904
2	1.53147891704226
2	1.89762709129044
13	2.03742649794062
2	2.38021124171161
16	1.84509804001426
8	2.74973631556906
7	2.69372694892365
3	2.06069784035361
9	2.72263392253381
7	2.15533603746506
11	2.36735592102602
6	1.61278385671974
1	2.18752072083646
1	2.72754125702856
16	
2	2.09342168516224
9	1.79934054945358
1	1.94448267215017
2	2.33445375115093
9	2.59988307207369
1	2.55144999797287
9	2.02530586526477
6	1.80617997398389
9	1.99563519459755
9	2.07188200730613
9	2.17318626841227
4	2.41664050733828
1	2.76937732607614
6	2.65321251377534
9	0.698970004336019
9	2.39093510710338
9	1.55630250076729
9	1.84509804001426
9	2.4814426285023
9	1.85733249643127
8	2.29225607135648
10	1.51851393987789
16	1.57978359661681
14	1.55630250076729
16	1.70757017609794
9	2.35024801833416
8	2.53147891704225
1	2.57518784492766
1	2.57978359661681
1	2.70329137811866
4	2.82216807936802
1	2.74741180788642
1	2.46538285144842
4	2.47275644931721
4	2.76937732607614
2	2.27646180417324
11	2.37839790094814
8	2.70500795933334
14	1.54406804435028
13	2.46538285144842
11	2.45178643552429
9	2.33445375115093
9	2.89097959698969
5	3.18836592606315
9	2.57518784492766
17	2.21748394421391
4	2.8488047010518
9	2.12385164096709
7	2.23299611039215
14	1.79239168949825
12	1.77815125038364
15	1.91381385238372
2	2.70500795933334
16	2.61066016308988
2	2.50379068305718
2	2.72345567203519
3	2.80685802951882
2	2.96378782734556
2	2.56820172406699
6	1.96848294855394
11	3.3220124385824
6	3.02775720469055
9	2.28780172993023
9	2.70329137811866
9	2.57518784492766
2	2.56110138364906
2	2.37839790094814
14	1.81291335664286
16	1.83884909073726
9	2.12057393120585
16	1.85733249643127
9	1.56820172406699
9	2.3747483460101
15	2.56702636615906
14	1.72427586960079
15	1.53147891704226
9	1.65321251377534
2	1.69019608002851
2	2.30102999566398
2	1.91381385238372
14	1.66275783168157
2	2.39794000867204
12	2.39093510710338
16	2.38916608436453
16	2.41329976408125
11	2.35602585719312
12	2.07918124604762
11	1.80617997398389
9	2.01703333929878
17	1.23044892137827
1	3.30168094929358
1	2.75511226639507
2	1.39794000867204
6	2.86805636182304
6	2.88479536394898
6	2.8208579894397
2	2.67024585307412
3	2.40312052117582
2	2.68752896121463
2	2.50514997831991
9	2.48572142648158
11	1.47712125471966
1	2.29666519026153
5	2.3096301674259
9	2.64836001098093
9	2.23552844690755
5	2.78816837114117
6	2.85973856619715
6	2.31175386105575
6	2.3541084391474
4	3.26552533521907
9	2.54530711646582
9	2.7701152947871
9	2.77305469336426
2	2.98632377705077
1	2.81822589361396
1	2.87157293554588
2	2.59659709562646
8	1.53147891704226
16	1.30102999566398
1	1.36172783601759
1	1
2	2.92839585225671
2	2.76117581315573
2	2.48855071650044
2	2.07188200730613
2	2.35218251811136
15	1.43136376415899
2	2.66275783168157
2	2.85733249643127
2	3.06220580881971
2	1.84509804001426
2	2.41664050733828
14	2.48000694295715
10	1.66275783168157
2	2.8561244442423
4	2.48855071650044
6	2.26481782300954
8	2.30102999566398
1	1.92427928606188
2	2.8208579894397
9	2.27646180417324
9	2.86510397464113
9	2.71011736511182
4	1.66275783168157
4	2.85672889038288
6	1.77085201164214
2	2.72098574415374
2	2.69019608002851
2	2.78247262416629
2	2.75358305889291
2	2.81491318127507
4	2.65417654187796
8	1.86923171973098
1	2.46686762035411
6	2.10380372095596
9	2.13353890837022
9	2.52113808370404
2	1.82607480270083
2	2.73559889969818
2	2.47421626407626
3	2.52633927738984
2	1.93951925261862
2	0.954242509439325
2	2.26717172840301
9	2.38021124171161
9	1.93951925261862
15	1.89209460269048
13	1.81954393554187
9	2.57863920996807
9	1.96378782734556
9	1.89209460269048
12	2.7701152947871
12	2.05690485133647
16	1.8750612633917
17	1.89209460269048
15	1.98227123303957
15	2.04532297878666
9	2.14612803567824
13	1.77815125038364
14	1.94448267215017
9	2.60530504614111
9	2.2148438480477
8	2.80345711564841
9	1.69897000433602
9	3.16524432612531
4	2.39794000867204
9	2.65417654187796
9	2.81756536955978
9	3.19033169817029
15	1.8750612633917
16	1.32221929473392
4	
5	2.53655844257153
7	2.3654879848909
15	1.39794000867204
2	3.54986118847194
6	1.94448267215017
2	2.76042248342321
5	2.39269695325967
6	2.19865708695442
2	2.58994960132571
2	2.8055008581584
1	1.7160033436348
2	2.74585519517373
2	2.5854607295085
3	2.35983548233989
4	2.45178643552429
3	1.84509804001426
2	1.77815125038364
2	2.19865708695442
1	1.38021124171161
1	2.41830129131975
2	2.48000694295715
2	2.63748972951251
6	2.56348108539441
5	
13	1.75587485567249
2	1.84509804001426
6	2.64246452024212
4	2.87909587950007
16	1.07918124604762
13	0.477121254719662
2	2.04532297878666
2	2.67851837904011
2	2.43296929087441
15	1.79239168949825
2	2.60530504614111
1	1.93449845124357
2	2.09691001300806
2	2.60959440922522
2	2.57749179983723
1	2.35218251811136
1	2.66838591669
2	2.13033376849501
2	2.29666519026153
6	2.54032947479087
16	1.32221929473392
16	2.73399928653839
15	2.04921802267018
16	1.95904139232109
16	1.39794000867204
16	2.53529412004277
17	1.39794000867204
2	2.06069784035361
15	2.05307844348342
2	2.4345689040342
13	1.85733249643127
2	1.43136376415899
2	3.17084820364331
13	2.36172783601759
2	2.94101424370557
2	1.49136169383427
1	2.7701152947871
16	2.22271647114758
16	2.01283722470517
16	2
16	2.01283722470517
1	2.39794000867204
14	1.70757017609794
1	2.54406804435028
16	2.08278537031645
16	2.07188200730613
1	2.22271647114758
16	2.08635983067475
16	2.15836249209525
1	2.40993312333129
14	2.17318626841227
16	2.41497334797082
1	2.41664050733828
2	1.81291335664286
2	2.17609125905568
3	1.91381385238372
11	2.27415784926368
5	2.62428209583567
5	2.83442070368153
2	2.07188200730613
5	2.84073323461181
2	2.47567118832443
9	2.71180722904119
9	1.11394335230684
8	2.53907609879278
1	2.3096301674259
2	2.1430148002541
2	2.63042787502502
9	2.72835378202123
6	2.58658730467175
6	2.63848925695464
9	2.2405492482826
9	2.91009054559407
9	2.49136169383427
9	2.64443858946784
2	1.82607480270083
6	2.89153745767256
2	2.19865708695442
2	2.40140054078154
7	2.87040390527903
10	1.98227123303957
1	2.24551266781415
16	2.72672720902657
5	2.22010808804006
2	2.58883172559421
4	2.72835378202123
2	2.68304703823885
9	2.43616264704076
9	1.7481880270062
4	1.93951925261862
1	2.76117581315573
2	2.80345711564841
6	2.55870857053317
2	2.31175386105575
4	2.31806333496276
9	2.45939248775923
11	2.71349054309394
9	2.32837960343874
6	0.954242509439325
1	2.38560627359831
9	2.78532983501077
9	2.86451108105839
3	2.30535136944662
6	2.5854607295085
6	2.18752072083646
1	2.87098881376058
8	2.17897694729317
9	2.23552844690755
4	1.86923171973098
2	2.86332286012046
2	2.42651126136458
16	2.31386722036915
14	2.56229286445647
6	1.32221929473392
15	3.02530586526477
4	2.54654266347813
6	2.46239799789896
16	1.56820172406699
16	1.64345267648619
11	2.3384564936046
3	2.54777470538782
2	2.65896484266443
16	2.06069784035361
16	2.67577834167408
1	2.83378437465648
16	2.38021124171161
9	2.09691001300806
6	2.77158748088126
16	2.27875360095283
5	2.4996870826184
7	2.48995847942483
9	0.698970004336019
11	2.24797326636181
5	2.56466606425209
6	2.45939248775923
5	2.76566855475901
9	2.95424250943932
9	2.57287160220048
2	2.77524625974024
9	1.83884909073726
9	2.01703333929878
9	2.76117581315573
2	2.68304703823885
6	2.07188200730613
6	1.90308998699194
9	1.89762709129044
7	2.63042787502502
1	2.92941892571429
2	2.7160033436348
2	2.55388302664387
4	1.77085201164214
3	2.64443858946784
2	2.64933485871214
2	1.81291335664286
1	2.67577834167408
2	2.45178643552429
2	2.61066016308988
4	2.41497334797082
2	2.38560627359831
2	2.50785587169583
9	2.49692964807321
1	1.17609125905568
5	2.13672056715641
1	2.70070371714502
2	2.80002935924413
2	3.07077646284343
4	2.44090908206522
1	2.56584781867352
2	2.50785587169583
2	2.9670797341445
14	2.26245108973043
2	2.32837960343874
11	2.82151352840477
9	2.5705429398819
6	2.62013605497376
6	2.50650503240487
11	1.94448267215017
6	2.6414741105041
2	1.76342799356294
16	1.43136376415899
2	2.60422605308447
3	1.93951925261862
2	2.48287358360875
2	1.93951925261862
15	2.03742649794062
14	2.65801139665711
10	2.41830129131975
1	2.66931688056611
2	2.1846914308176
2	2.92890769024395
1	2.52374646681156
1	1.47712125471966
2	2.66931688056611
1	2.45636603312904
1	2.80002935924413
16	2.57518784492766
6	2.39794000867204
2	2.77887447200274
2	1.89209460269048
2	2.22530928172586
1	1.7160033436348
1	1.56820172406699
2	2.97818051693741
12	1.99563519459755
2	1.36172783601759
2	1.64345267648619
15	1.99122607569249
2	2.19033169817029
2	2.82477646247555
2	3.06295783408451
6	
2	2.62117628177504
1	2.55750720190566
2	2.56584781867352
14	2.52633927738984
5	2.99299509843134
1	2.83442070368153
1	2.13987908640124
6	2.33041377334919
9	2.04921802267018
5	1.5910646070265
5	2.63447727016073
16	1.96378782734556
16	1.94448267215017
16	1.96848294855394
16	1.6232492903979
16	1.61278385671974
11	1.89762709129044
17	1.47712125471966
17	1.69019608002851
16	1.6232492903979
17	1.57978359661681
16	1.94448267215017
15	
15	1.77085201164214
16	1.77815125038364
14	
14	1.77085201164214
16	
14	
16	1.69897000433602
15	2.02938377768521
14	1.79934054945358
14	1.82607480270083
14	2.72098574415374
11	1.57978359661681
15	1.5910646070265
14	1.95904139232109
14	1.94448267215017
14	1.49136169383427
15	1.74036268949424
14	1.96378782734556
14	1.81291335664286
14	
17	1.55630250076729
15	1.55630250076729
1	2.2380461031288
2	1.76342799356294
2	2.32837960343874
9	2.46686762035411
9	2.51188336097887
9	2.54777470538782
9	2.74585519517373
9	2.80617997398389
6	2.2718416065365
5	2.80821097292422
4	2.64443858946784
6	2.61909333062674
4	2.50514997831991
6	2.48287358360875
2	1.77085201164214
2	1.41497334797082
2	2.13353890837022
6	2.68124123737559
9	1.98677173426624
3	2.63948648926859
9	2.57518784492766
4	2.11394335230684
1	2.71516735784846
2	2.25527250510331
2	2.06069784035361
2	1.39794000867204
6	1.93449845124357
2	2.3096301674259
3	2.32428245529769
2	2.20682587603185
9	2.66558099101795
9	1.85125834871908
5	2.52762990087134
2	2.43775056282039
2	2.44870631990508
13	2
16	2.5854607295085
5	1.96378782734556
5	2.64345267648619
2	2.67942789661212
6	2.6414741105041
6	1.89762709129044
2	2.23552844690755
2	2.72997428569956
5	2.12057393120585
5	2.73239375982297
10	2.16731733474818
4	1.93951925261862
5	2.69196510276736
1	1.92941892571429
1	2.30535136944662
1	2.69019608002851
1	2.75663610824585
1	1.36172783601759
1	2.69372694892365
6	2.46089784275655
1	2.61278385671974
1	2.42975228000241
1	2.67577834167408
1	2.07188200730613
1	2.59439255037543
15	2.65030752313194
2	2.93651374247889
1	1.74036268949424
17	
16	2.91487181754005
1	2.58883172559421
9	2.48855071650044
5	3.17695898058691
1	2.78247262416629
2	1.90308998699194
1	2.20682587603185
2	2.29225607135648
7	2.97081161087252
2	2.0899051114394
5	2.89872518158949
2	1.83884909073726
2	2.34044411484012
2	2.03742649794062
2	2.47129171105894
2	2.05690485133647
5	2.36172783601759
1	2.57403126772772
2	2.2380461031288
4	2.12057393120585
6	1.57978359661681
6	2.14921911265538
2	2.25285303097989
2	2.64738297011462
6	2.55144999797287
1	2.38021124171161
6	2.41995574848976
8	2.65224634100332
3	2.38201704257487
3	2.19312459835446
3	1.95424250943932
2	2.13987908640124
2	2.65030752313194
10	3.09166695759568
2	2.91275330367132
2	2.69897000433602
2	2.78816837114117
6	2.41497334797082
5	2.01283722470517
4	2.66558099101795
1	3.2380461031288
7	2.18752072083646
9	2.37839790094814
9	2.26481782300954
11	2.60205999132796
1	2.64345267648619
6	2.69372694892365
1	1.93951925261862
4	1.32221929473392
11	2.46686762035411
4	2.67577834167408
3	3.23502315949522
6	2.56466606425209
9	2.99431715266964
6	2.37106786227174
9	2.75434833571102
9	2.25527250510331
9	2.52374646681156
9	3.08919836680515
9	2.40654018043395
9	2.42160392686983
6	2.84571801796666
4	2.97266559226611
10	1.44715803134222
5	2.51719589794997
1	1.79934054945358
6	2.70586371228392
6	2.55870857053317
9	2.3541084391474
10	2.47129171105894
9	2.51454775266029
9	2.62838893005031
2	2.45178643552429
10	2.02530586526477
8	2.28780172993023
1	2.2405492482826
6	3.01745072951054
1	1.73239375982297
12	2.55388302664387
2	2.10037054511756
4	2.30102999566398
9	2.55750720190566
9	2.82542611776782
9	2.54032947479087
9	2.38381536598043
9	2.52633927738984
9	1.74036268949424
15	2.55266821611219
16	2.65609820201283
11	2.42324587393681
8	2.91487181754005
9	2.69372694892365
4	1.94939000664491
4	2.68394713075151
3	2.45939248775923
2	2.03742649794062
8	2.12385164096709
4	1.97772360528885
2	2.65609820201283
2	2.82801506422398
2	2.41664050733828
2	2.25767857486918
2	2.10380372095596
2	3.02938377768521
2	2.49276038902684
2	2.39794000867204
2	1.9731278535997
2	2.29225607135648
2	2.48287358360875
2	2.72345567203519
2	2.40483371661994
1	2.08278537031645
1	3.17084820364331
1	2.2718416065365
2	2.35793484700045
2	3.37966803403365
1	2.96801571399364
1	3.0962145853464
2	1.67209785793572
6	2.50242711998443
14	
1	2.23552844690755
2	2.76715586608218
14	2.07554696139253
2	3.40790054014263
5	2.38021124171161
5	2.47129171105894
3	2.63548374681491
2	2.09342168516224
2	2.4345689040342
9	2.71516735784846
2	1.61278385671974
6	2.96142109406645
2	1.50514997831991
2	2.70156798505593
2	2.41329976408125
2	2.46089784275655
2	2.80345711564841
4	3.09096307659573
2	1.99122607569249
2	1.86923171973098
2	2.27875360095283
4	2.64246452024212
2	2.06818586174616
6	1.47712125471966
4	2.66745295288995
7	2.94939000664491
6	2.46834733041216
6	2.60852603357719
2	2.56702636615906
2	2.81690383937566
2	2.8109042806687
2	1.81954393554187
2	2.64738297011462
2	2.43136376415899
4	3.21404867941194
11	2.90741136077459
1	3.00043407747932
1	2.76492298464989
2	2.34242268082221
1	2.72263392253381
9	1.53147891704226
5	2.12057393120585
8	2.8208579894397
8	1.47712125471966
2	2.86864443839483
3	2.60097289568675
4	2.40140054078154
5	2.36735592102602
5	2.7041505168398
6	2.52891670027765
6	2.50650503240487
9	2.68484536164441
1	2.48713837547719
6	1.94939000664491
6	2.19312459835446
11	1.76342799356294
9	2.68841982200271
2	2.23299611039215
3	2.03742649794062
5	2.05690485133647
6	2.17026171539496
6	2.52762990087134
2	2.34242268082221
2	1.92427928606188
2	2.08635983067475
2	2.59879050676312
2	2.26951294421792
9	2.70243053644553
9	2.18752072083646
6	2.75815462196739
4	2.64836001098093
7	2.55266821611219
9	2.84385542262316
2	2.47712125471966
2	1.32221929473392
4	1.81291335664286
9	2.40140054078154
2	3.19089171692217
2	1.44715803134222
1	2.46389298898591
1	2.8234742291703
14	2.07554696139253
5	2.92737036303902
6	2.48572142648158
2	2.24551266781415
2	1.96848294855394
16	
1	2.54282542695918
1	1.86332286012046
2	2.17026171539496
2	1.53147891704226
2	2.13353890837022
1	2.94250410616808
1	3.06781451116184
2	1.5910646070265
2	3.19893186993221
1	2.7041505168398
14	2.39269695325967
16	2.13987908640124
14	2.32837960343874
14	1.70757017609794
14	2.45178643552429
8	1.50514997831991
5	2.16136800223497
14	2.54282542695918
2	2.6063813651106
9	2.47129171105894
5	2.39619934709574
2	2.10380372095596
1	2.13033376849501
1	2.61489721603313
1	2.5705429398819
1	2.06445798922692
1	2.10380372095596
8	2.29666519026153
2	2.86864443839483
2	2.32221929473392
4	2.79098847508882
6	2.18752072083646
2	1.84509804001426
2	2.46089784275655
8	2.985426474083
6	2.63447727016073
9	1.55630250076729
7	2.59769518592551
1	1.90308998699194
2	2.01283722470517
8	2.37291200297011
16	2.47421626407626
5	2.56702636615906
9	2.72181061521255
9	2.41830129131975
9	2.82607480270083
14	2.19033169817029
5	2.69635638873333
2	1.99563519459755
9	2.89320675305985
12	2.14921911265538
9	2.94448267215017
12	2.13672056715641
9	2.13033376849501
8	2.62428209583567
9	3.35602585719312
2	2.07918124604762
2	2.49136169383427
4	2.22271647114758
1	2.11727129565576
2	2.05307844348342
2	2.52891670027765
5	2.8842287696326
6	2.41995574848976
4	2.40483371661994
2	2.47712125471966
1	1.85125834871908
9	2.98181860717066
6	2.72263392253381
6	3.22737244228964
10	1.94939000664491
5	2.66651798055488
2	2.20682587603185
6	2.60959440922522
4	2.33041377334919
6	2.77378644498119
6	2.44715803134222
2	2.68663626926229
2	2.5854607295085
2	2.00860017176192
1	2.84447717574568
9	2.38560627359831
5	2.31597034545692
8	2.40312052117582
2	1.8750612633917
2	
6	2.9903388547876
11	2.96189547366785
9	3.04610478724604
6	3.05346260492546
4	2.57403126772772
9	1.93449845124357
15	2.04921802267018
2	3.04649516433471
1	2.1430148002541
2	2.75739602879302
8	2.80002935924413
2	1.72427586960079
6	3.19312459835446
9	2.3324384599156
5	2.66464197555613
3	2.31175386105575
9	2.68033551341456
11	2.41161970596323
15	1.6232492903979
9	2.54777470538782
6	2.40654018043395
6	2.41329976408125
2	2.61489721603313
4	2.70757017609794
13	2.77670118398841
2	2.66086547800387
2	2.07554696139253
2	2.70842090013471
2	2.37291200297011
2	1.94448267215017
2	1.25527250510331
2	2.21748394421391
2	2
2	2.82477646247555
2	2.43775056282039
1	2.26245108973043
2	1.54406804435028
6	3.16731733474818
4	2.67117284271508
2	2.62940959910272
2	2.67486114073781
5	2.6414741105041
6	2.06818586174616
4	3.19506899646859
6	2.93196611472817
6	2.85064623518307
13	2.55990662503611
9	2.08278537031645
6	2.64345267648619
5	2.54900326202579
3	1.86332286012046
6	2.60314437262018
2	2.86153441085904
10	2.35218251811136
9	2.70500795933334
8	2.0899051114394
6	2.26007138798507
5	2.01283722470517
6	2.20139712432045
1	2.58883172559421
7	2.6414741105041
9	2.74350976472843
6	2.72181061521255
9	1.44715803134222
16	2.42813479402879
16	2.62634036737504
2	2.23552844690755
2	2.36735592102602
2	1.79239168949825
2	2.39269695325967
1	2.64640372622307
1	2.15533603746506
1	2.33645973384853
1	2.51982799377572
1	2.70243053644553
1	2.54406804435028
1	2.29003461136252
1	1.32221929473392
1	2.86981820797933
1	2.45636603312904
9	2.12710479836481
9	2.2718416065365
11	1.86332286012046
4	2.83505610172012
5	2.71432975974523
4	2.54282542695918
9	2.38381536598043
9	2.03342375548695
9	2.64738297011462
9	2.60852603357719
3	2.66558099101795
2	2.32221929473392
16	2.12057393120585
14	2.08278537031645
2	2.26951294421792
2	1.89209460269048
2	2.58994960132571
2	1.69897000433602
8	2.7041505168398
9	2.42975228000241
11	1.91381385238372
11	2.56820172406699
9	3.07554696139253
9	2.64542226934909
4	2.46686762035411
1	2.6170003411209
2	2.94792361983173
2	2.99651167215418
1	2.40312052117582
2	2.16136800223497
2	2.20139712432045
2	1.69019608002851
1	1.91907809237607
4	2.67942789661212
2	1.7481880270062
2	1.43136376415899
6	2.78746047451842
3	
2	2.47129171105894
2	2.30102999566398
4	2.17026171539496
11	3.06595298031387
6	3.02201573981772
6	2.34635297445064
5	2.40823996531185
2	2.58883172559421
2	2.04532297878666
4	0
9	2.51188336097887
9	2.63948648926859
8	2.47712125471966
4	2.31386722036915
4	1.92427928606188
3	2.57749179983723
4	1.92427928606188
9	2.00860017176192
9	2.47129171105894
9	2.02118929906994
9	1.93951925261862
9	2.51054501020661
9	2.87852179550121
5	2.84385542262316
9	2.59879050676312
2	2.48000694295715
9	2.86153441085904
2	2.59988307207369
9	2.65609820201283
8	2.41664050733828
6	2.959518376973
9	2.02118929906994
5	2.8494194137969
6	2.48713837547719
6	2.60097289568675
10	3.01199311465926
2	2.78604121024255
6	2.45178643552429
6	2.59549622182557
9	2.72916478969277
4	2.80277372529198
9	2.40993312333129
2	2.61384182187607
2	2.23552844690755
2	2.67209785793572
2	1.79934054945358
9	2.33645973384853
1	2.64048143697042
9	1.34242268082221
2	2.8555191556678
14	1.63346845557959
16	1.91381385238372
16	1.69897000433602
14	2.29225607135648
2	2.56110138364906
2	2.29666519026153
2	2.37106786227174
2	2.07188200730613
2	1.96378782734556
9	2.74585519517373
4	3.01325866528352
3	1.90848501887865
2	2.32014628611105
2	1.84509804001426
2	2.37839790094814
2	2.49554433754645
2	1.49136169383427
2	2.0899051114394
1	2.88081359228079
2	2.12385164096709
1	1.11394335230684
2	2.14921911265538
2	2.78816837114117
15	2.47856649559384
15	1.94939000664491
2	2.32221929473392
2	2.7419390777292
2	2.79657433321043
2	1.77085201164214
2	2.77378644498119
2	1.84509804001426
2	2.51982799377572
2	2.64640372622307
1	2.64443858946784
1	2.25042000230889
2	1.72427586960079
2	2.32428245529769
2	2.8992731873176
2	2.60959440922522
2	2.66181268553726
4	1.60205999132796
4	2.40993312333129
5	1.88081359228079
6	2.35024801833416
3	2.6954816764902
5	2.7664128471124
2	2.95999483832842
2	2.51719589794997
2	2.13672056715641
17	2.06818586174616
1	2.22010808804006
1	2.35793484700045
1	2.12057393120585
2	2.3324384599156
15	2.14921911265538
2	2.25767857486918
2	2.73559889969818
6	2.6414741105041
2	2.55630250076729
9	2.91960102378411
9	2.70156798505593
6	3.50406288267869
8	2.58206336291171
9	2.55750720190566
9	2.9434945159061
8	2.90036712865647
9	2.48995847942483
9	2.62634036737504
9	2.58994960132571
4	2.58433122436753
5	2.11394335230684
10	2.2380461031288
3	2.85125834871908
3	2.67117284271508
2	2.74663419893758
2	2.68930885912362
5	3.34380233316165
1	2.60097289568675
2	2.51719589794997
2	2.42651126136458
2	1.8750612633917
2	2.39794000867204
2	2.43775056282039
2	2.56937390961505
2	2.44715803134222
2	2.72181061521255
2	2.55990662503611
1	2.5327543789925
2	1.47712125471966
5	2.67117284271508
2	2.74429298312268
14	2.29446622616159
9	2.48713837547719
2	1.51851393987789
4	2.29225607135648
2	2.29003461136252
2	2.52504480703684
2	2.00860017176192
2	2.38021124171161
2	1.41497334797082
2	2.49554433754645
2	2.62531245096167
11	2.03342375548695
9	2.32633586092875
3	1.91381385238372
9	2.62117628177504
2	1.04139268515822
9	2.15533603746506
8	2.65417654187796
9	2.26245108973043
9	2.26481782300954
2	3.03782475058834
2	2.44247976906445
9	2.92941892571429
2	2.41329976408125
2	2.65321251377534
2	2.89872518158949
7	2.73639650227664
9	2.34439227368511
9	2.68484536164441
9	2.62736585659273
6	2.91539983521227
9	2.68214507637383
9	2.39619934709574
11	2.44870631990508
6	3.46553155697355
10	1.91381385238372
1	2.26717172840301
6	2.18752072083646
1	2.86093662070009
11	2.85003325768977
8	2.08278537031645
11	2.57403126772772
2	2.48855071650044
2	2.50379068305718
1	2.71767050300226
1	2.79657433321043
1	2.64640372622307
1	2.62013605497376
4	2.78175537465247
5	2.86451108105839
1	2.41497334797082
4	1.20411998265592
9	2.25767857486918
6	2.54032947479087
1	2.36921585741014
1	2.43136376415899
2	2.42813479402879
2	2.29446622616159
11	2.34439227368511
1	2.44247976906445
2	1.80617997398389
2	2.20139712432045
3	2.37291200297011
2	2.54654266347813
2	2.61909333062674
2	2.24303804868629
2	2.26481782300954
2	2.15533603746506
4	2.72263392253381
9	2.45636603312904
6	2.69460519893357
6	2.11394335230684
9	2.70329137811866
9	2.89431606268444
9	2.74350976472843
9	3.39794000867204
6	2.77232170672292
8	2.37657695705651
11	2.78746047451842
5	2.68033551341456
10	2.28555730900777
8	2.48429983934679
6	2.42651126136458
3	2.47712125471966
3	1.95424250943932
9	1.80617997398389
11	1.70757017609794
9	2.13672056715641
5	2.10720996964787
7	2.53402610605613
6	2.8767949762007
9	2.51851393987789
6	2.53907609879278
9	2.16731733474818
9	2.9532763366673
6	2.15836249209525
6	2.65417654187796
9	2.69284691927723
5	2.99475694458763
1	2.68752896121463
4	2.23299611039215
1	2.3747483460101
1	1.97772360528885
5	2.30319605742049
6	1.73239375982297
6	2.73798732633343
4	3.06632592536204
9	2.75434833571102
9	2.71011736511182
9	2.02938377768521
16	2.75127910398334
9	1.94448267215017
9	2.82736927305382
2	2.95230800966212
6	3.19838213000829
6	2.25042000230889
9	2.36172783601759
9	2.51321760006794
6	2.08278537031645
9	1.94448267215017
11	1.97772360528885
1	1.39794000867204
1	2.73878055848437
2	2.69460519893357
14	2.39967372148104
9	2.90145832139611
9	2.65896484266443
3	2.49276038902684
5	2.72263392253381
6	2.55630250076729
2	2.7419390777292
1	2.8767949762007
1	1.92941892571429
2	1.44715803134222
2	2.95279244304409
10	2.78031731214015
2	2.44870631990508
9	2.2148438480477
9	2.48000694295715
6	2.46982201597816
2	2.81690383937566
2	1.81954393554187
2	2.41497334797082
1	2.87852179550121
9	1.89209460269048
4	2.63648789635337
4	2.43616264704076
12	1.14612803567824
11	2.17026171539496
6	2.28780172993023
10	2.21748394421391
3	2.30535136944662
2	2.60530504614111
2	2.76789761601809
11	2.72591163229505
4	2.72591163229505
8	2.41329976408125
2	1.95424250943932
4	2.89762709129044
2	2.86093662070009
2	2.53019969820308
9	2.17897694729317
2	2.84447717574568
3	2.35024801833416
9	2.35218251811136
11	2.72835378202123
11	2.56702636615906
16	2.75587485567249
16	2.86923171973098
16	2.23044892137827
16	2.78103693862113
16	2.96567197122011
9	2.13353890837022
9	3.03582982525283
10	2.24303804868629
1	2.40140054078154
2	2.03342375548695
9	2.68752896121463
8	1.95904139232109
9	3.37235958252432
9	3.16435285578444
9	3.10516942799933
5	2.38916608436453
2	2.54157924394658
9	2.6159500516564
6	2.83442070368153
10	1.92427928606188
5	2.44090908206522
6	2.26245108973043
9	2.10380372095596
1	2.65224634100332
1	2.79865064544527
1	3.3923451553612
1	2.94743372188705
2	2.70842090013471
1	2.58771096501891
8	2.60852603357719
9	2.7664128471124
7	2.68663626926229
10	2.75815462196739
10	2.23552844690755
11	2.45484486000851
9	2.69635638873333
9	2.46686762035411
6	2.6570558528571
6	2.67851837904011
9	2.73078227566639
9	2.46538285144842
9	2.67760695272049
9	2.25527250510331
6	2.86451108105839
10	2.52762990087134
9	2.34439227368511
3	3.19479175772192
6	2.32428245529769
2	2.78103693862113
9	2.03342375548695
9	2.38381536598043
9	2.51982799377572
9	2.26951294421792
6	2.51587384371168
9	2.52113808370404
2	2.90363251608424
6	2.16136800223497
8	2.75511226639507
1	3.03100428136354
2	2.4996870826184
2	2.47421626407626
2	2.3384564936046
2	2.62634036737504
9	1.91907809237607
9	2.63648789635337
2	1.47712125471966
2	2.31386722036915
2	2.11727129565576
2	2.4996870826184
3	2.02938377768521
5	2.38201704257487
2	1.32221929473392
5	1.57978359661681
2	1.85125834871908
2	2.09691001300806
2	2.44715803134222
2	1.49136169383427
2	1.60205999132796
1	1.53147891704226
2	3.33142729652074
2	2.33445375115093
11	2.50242711998443
4	2.89209460269048
4	2.75358305889291
9	2.94051648493257
2	2.81557774832427
5	2.86272752831797
6	2.81023251799508
9	2.57287160220048
9	2.32221929473392
9	2.74507479158206
6	2.73158876518674
4	2.39093510710338
6	2.75663610824585
9	1.75587485567249
9	2.03342375548695
7	1.89762709129044
10	1.68124123737559
9	2.22010808804006
6	1.56820172406699
8	1.76342799356294
9	2.26007138798507
9	2.42975228000241
9	2.2380461031288
9	2.28103336724773
9	2.0899051114394
9	1.73239375982297
9	3.05115252244738
14	1.30102999566398
15	1.30102999566398
7	1.41497334797082
2	1.88081359228079
1	1.50514997831991
1	2.07918124604762
8	2.67209785793572
5	2.48429983934679
9	1.65321251377534
14	2.43296929087441
6	1.55630250076729
6	2.35793484700045
13	1.81954393554187
11	2.67209785793572
9	2.16435285578444
6	1.89762709129044
13	1.7481880270062
6	2.2148438480477
1	3.23502315949522
1	2.48855071650044
14	2.54654266347813
5	2.26951294421792
6	2.65896484266443
2	2.73158876518674
1	2.41664050733828
1	2.4345689040342
1	2.52374646681156
1	2.51851393987789
4	2.83442070368153
2	3.07077646284343
5	
6	
9	
16	
17	
6	2.95712819767681
8	2.73957234445009
9	2.58092497567562
7	2.94448267215017
9	2.07918124604762
9	2.10720996964787
9	3.44994098877334
14	2.28103336724773
6	2.55266821611219
4	2.78031731214015
8	2.85491302230786
6	2.34044411484012
11	2.92116605063774
8	2.43296929087441
6	2.36361197989214
16	2.94051648493257
6	2.55022835305509
5	1.91907809237607
14	
11	
11	
9	2.22530928172586
6	2.53019969820308
6	
6	
9	3.13481437032046
9	3.23274206272074
8	2.32014628611105
15	2.64048143697042
2	2.36361197989214
6	2.69019608002851
5	2.78532983501077
8	1.7481880270062
5	2.80955971463527
2	2.82542611776782
9	2.34439227368511
7	2.20682587603185
2	2.19033169817029
16	3.10174707394637
16	
9	
9	
16	3.39022836246913
15	3.38417413880703
6	
4	
4	
2	
4	2.00860017176192
6	2.54406804435028
6	2.15533603746506
9	2.42813479402879
9	2.52633927738984
9	
3	
7	2.92737036303902
6	2.30102999566398
9	2.45484486000851
9	2.41161970596323
9	2.49554433754645
9	
14	2.32428245529769
12	2.01283722470517
8	2.3747483460101
9	2.1430148002541
9	2.05690485133647
2	
9	2.28555730900777
9	2.56348108539441
9	2.39619934709574
6	2.42488163663107
9	2.42651126136458
9	2.36735592102602
9	2.51719589794997
9	2.13033376849501
1	2.70842090013471
9	2.50785587169583
6	2.3747483460101
7	2.13987908640124
12	2.20951501454263
9	1.77085201164214
8	
9	
9	
6	2.85064623518307
9	2.79448804665917
6	2.52244423350632
16	2.55630250076729
16	2.9795483747041
6	2.71767050300226
11	
15	
6	
15	1.81291335664286
12	1.98227123303957
9	2.84571801796666
4	2.52891670027765
9	2.79865064544527
6	2.70156798505593
6	1.50514997831991
6	
10	
8	1.97772360528885
11	2.0899051114394
11	2.57749179983723
11	2.61804809671209
7	2.48713837547719
9	2.46538285144842
2	1.94939000664491
8	2.65127801399814
9	3.04883008652835
9	2.64048143697042
9	2.56937390961505
14	2.28555730900777
5	2.57634135020579
11	2.59549622182557
13	2.48429983934679
9	2.67760695272049
9	1.36172783601759
16	2.32633586092875
16	2.43775056282039
12	1.49136169383427
16	1.41497334797082
2	2.36172783601759
7	2.67209785793572
7	2.52374646681156
6	2.47275644931721
9	2.97497199429807
6	2.60314437262018
16	1.55630250076729
16	1.55630250076729
16	1.65321251377534
4	2.6170003411209
2	2.66275783168157
14	2.62940959910272
6	2.77670118398841
9	2.8555191556678
9	2.69372694892365
15	
15	
15	
11	
9	
11	
14	
14	
3	2.9106244048892
6	2.07918124604762
5	2.78746047451842
6	2.89762709129044
4	2.8767949762007
3	2.59988307207369
4	1.38021124171161
9	3.3040594662176
9	2.06445798922692
9	2.08278537031645
9	3.18383903705642
8	2.65513843481138
11	2.26481782300954
9	2.10037054511756
6	1.63346845557959
9	2.50650503240487
9	2.55990662503611
14	2.74741180788642
2	2.42160392686983
6	2.2405492482826
4	1.54406804435028
9	1.78532983501077
16	2.13353890837022
16	2.82477646247555
16	2.32428245529769
2	2.62117628177504
9	2.55870857053317
9	2.66370092538965
6	2.60530504614111
2	2.28330122870355
9	2.39619934709574
4	2.31806333496276
9	1.11394335230684
9	2.62117628177504
2	2.69635638873333
2	1.98677173426624
9	2.00860017176192
4	2.43775056282039
1	2.22271647114758
1	2.28103336724773
2	2.63144376901317
5	2.62531245096167
6	2.41329976408125
1	2.6232492903979
1	1.27875360095283
9	3.03702787975577
9	1.99563519459755
1	2.24551266781415
8	1.98227123303957
6	3.00945089579869
6	2.54157924394658
6	2.22010808804006
6	2.91960102378411
9	2.2718416065365
6	2.57287160220048
6	3.04688519083771
11	1.92941892571429
2	2.38738982633873
2	2.48000694295715
2	2.70586371228392
9	2.44404479591808
1	1.89762709129044
5	2.71683772329952
15	2.30102999566398
6	2.58206336291171
8	2.86805636182304
6	2.43296929087441
2	2.51587384371168
2	2.98900461569854
2	2.45636603312904
1	2.36172783601759
1	1.99122607569249
9	3.03662889536216
9	3.00860017176192
4	2.50105926221775
5	2.63042787502502
2	2.71180722904119
5	2.48287358360875
6	2.48287358360875
4	2.13033376849501
8	2.97589113640179
2	1.85125834871908
10	1.60205999132796
9	2.56820172406699
5	2.65224634100332
5	2.65801139665711
2	1.39794000867204
2	2.69635638873333
6	2.24551266781415
4	2.45484486000851
5	2.89097959698969
5	1.76342799356294
14	2.2405492482826
6	1.94939000664491
2	1.14612803567824
5	2.47712125471966
9	2.47421626407626
4	2.62013605497376
11	2.10037054511756
6	1.27875360095283
2	3.57426282970703
4	2.32014628611105
4	2.46239799789896
6	2.28330122870355
6	2.59988307207369
9	2.55630250076729
4	2.62428209583567
6	2.22530928172586
6	2.13987908640124
5	1.7481880270062
8	2.18752072083646
9	2.65991620006985
3	2.40993312333129
9	2.83378437465648
11	2.69722934275972
4	2.59769518592551
9	2.76937732607614
4	2.30319605742049
4	2.64738297011462
9	2.58092497567562
2	1.77085201164214
2	2.76715586608218
4	2.57518784492766
3	2.58658730467175
2	2.56937390961505
9	2.26951294421792
5	2.65609820201283
5	2.65417654187796
3	3.07627625540422
4	1.94448267215017
11	2.69897000433602
14	1.74036268949424
13	1.99563519459755
9	1.63346845557959
11	2.51054501020661
2	2.58994960132571
15	1.86332286012046
16	2.65030752313194
13	1.99563519459755
15	2.57634135020579
13	2.43136376415899
11	2.66558099101795
6	1.7481880270062
3	2.30319605742049
11	2.15836249209525
16	1.61278385671974
4	1.07918124604762
6	0.778151250383644
14	1.91907809237607
16	2.14921911265538
13	2.3096301674259
14	2.14921911265538
14	2.1846914308176
12	1.93449845124357
13	2.38381536598043
9	2.36921585741014
13	1.77085201164214
1	2.77815125038364
2	2.59328606702046
1	2.2380461031288
6	2.62634036737504
1	2.27415784926368
1	2.60097289568675
6	2.08278537031645
5	2.82801506422398
6	2.64640372622307
1	2.44870631990508
5	2.48995847942483
5	2.31386722036915
11	1.77085201164214
6	3.54641926683519
4	2.55022835305509
5	3.1580607939366
9	2.55388302664387
9	2.44715803134222
9	2.03742649794062
6	2.54530711646582
6	2.52244423350632
9	2.76417613239033
9	2.51851393987789
13	3.5164031484474
9	2.09342168516224
13	2.30319605742049
6	1.7481880270062
9	1.74036268949424
8	2.43775056282039
9	2.90417436828416
2	2.21218760440396
9	2.78532983501077
5	3.09131515969722
9	2.92064500140679
9	2.38381536598043
5	2.68394713075151
8	2.9698816437465
9	3.24797326636181
9	3.13798673272353
8	2.85369821177617
8	2.66931688056611
9	2.45636603312904
8	2.72509452108147
5	2.7427251313047
9	2.16435285578444
6	2.49554433754645
9	2.78318869107526
8	1.67209785793572
9	2.11394335230684
9	2.68394713075151
9	2.40993312333129
9	2.26951294421792
8	2.38916608436453
6	2.67209785793572
9	2.37291200297011
9	2.92427928606188
9	2.46982201597816
9	1.66275783168157
9	2.22271647114758
6	2.97405090279288
4	2.60422605308447
9	3.47625179600703
6	2.43933269383026
5	2.65030752313194
6	2.76342799356294
1	2.71264970162721
6	2.91169015875386
7	1.41497334797082
6	2.43296929087441
1	1.88649072517248
4	2.40654018043395
9	2.33645973384853
2	2.56937390961505
2	2.85186960072977
2	2.25042000230889
3	2.57978359661681
6	1.85125834871908
3	2.77959649125782
9	2.80617997398389
9	2.61804809671209
2	2.05307844348342
4	2.15533603746506
2	2.6730209071289
8	0.698970004336019
9	2.50514997831991
7	3.1914510144649
8	2.59439255037543
6	2.6730209071289
2	2.43136376415899
2	2.61066016308988
9	2.9566485792052
3	1.73239375982297
11	3.61331316145546
6	2.24797326636181
2	2.48429983934679
2	2.28780172993023
1	2.22010808804006
1	2.36921585741014
1	2.52374646681156
3	2.61384182187607
2	2.49692964807321
2	2.4996870826184
2	2.42813479402879
5	2.00432137378264
2	2.72263392253381
7	2.23044892137827
4	2.43296929087441
5	2.79239168949825
6	3.17055505852121
1	2.91381385238372
4	2.68484536164441
15	1.85733249643127
15	1.86332286012046
7	2.85247999363686
3	2.45788189673399
16	
6	2.38916608436453
4	2.22271647114758
6	2.3654879848909
1	2.34439227368511
8	3.13033376849501
8	2.88479536394898
9	2.65801139665711
6	2.48000694295715
10	1.91381385238372
10	2.53907609879278
6	2.1846914308176
2	2.25042000230889
2	2.54777470538782
12	2.76342799356294
15	2.54530711646582
11	2.68574173860226
9	2.4814426285023
2	2.4996870826184
2	2.63346845557959
3	2.58092497567562
2	2.20139712432045
1	2.27875360095283
14	1.91907809237607
1	2.58092497567562
1	2.58994960132571
6	2.15836249209525
5	2.92839585225671
11	1.81954393554187
8	2.43296929087441
2	1.34242268082221
1	2.40312052117582
3	2.33041377334919
6	2.1846914308176
9	2.29446622616159
5	2.54157924394658
2	2.34635297445064
8	2.54032947479087
9	1.41497334797082
11	1.89762709129044
9	2.28103336724773
6	1.98227123303957
4	2.2718416065365
2	2.9484129657786
12	1.77085201164214
6	2.56110138364906
15	2.56702636615906
13	2.63948648926859
14	2.47421626407626
5	2.33041377334919
9	2.63848925695464
8	2.88874096068289
9	2.73719264270474
8	2.93601079571521
9	2.44247976906445
6	2.46834733041216
9	2.36735592102602
7	2.5910646070265
9	
9	2.72509452108147
9	2.70500795933334
9	2.61804809671209
9	1.96378782734556
9	2.69196510276736
9	2.47421626407626
17	2.77232170672292
15	1.92941892571429
10	2.83821922190763
11	1.49136169383427
9	1.63346845557959
9	2.5705429398819
8	3.22401481137286
9	1.96848294855394
9	1.78532983501077
11	1.94939000664491
9	2.19865708695442
9	2.47856649559384
6	3.05384642685225
9	2.94743372188705
9	1.14612803567824
9	2.46089784275655
10	2.39619934709574
9	2.61804809671209
16	2.17026171539496
9	2.48000694295715
10	2.32221929473392
9	2.46089784275655
9	2.57634135020579
9	2.40140054078154
9	2.63245729218472
7	2.48287358360875
9	2.83122969386706
6	2.74507479158206
9	2.82865989653532
11	2.78318869107526
9	2.34242268082221
14	2.49415459401844
1	2.26245108973043
1	2.90254677931399
11	1.79239168949825
2	2.32014628611105
16	2.67486114073781
14	2.88761730033574
16	2.26717172840301
2	2.3384564936046
6	2.83695673705955
14	2.26245108973043
10	2.19589965240923
6	2.91169015875386
5	2.42813479402879
6	
3	2.65030752313194
16	1.72427586960079
16	1.7160033436348
4	2.76342799356294
9	2.56348108539441
5	2.4983105537896
8	2.75587485567249
9	2.81023251799508
9	2.96567197122011
7	2.69284691927723
9	2.30102999566398
3	2.14921911265538
9	2.77305469336426
9	2.55750720190566
9	2.7041505168398
6	2.77959649125782
6	2.73158876518674
9	2.40140054078154
3	2.6954816764902
2	2.76715586608218
4	1.92941892571429
2	2.47129171105894
3	2.54654266347813
3	2.19033169817029
9	2.45178643552429
7	2.17318626841227
7	2.62838893005031
9	2.47712125471966
8	1.85733249643127
5	2.04139268515822
9	2.34439227368511
6	2.22010808804006
6	2.16435285578444
6	2.52762990087134
6	2.38916608436453
5	2.60852603357719
1	2.8992731873176
7	2.66275783168157
2	2.59328606702046
13	1.94448267215017
2	2.29885307640971
14	1.91381385238372
2	2.65513843481138
2	2.80482067872116
2	2.01703333929878
1	0.602059991327962
1	1.93449845124357
2	1.43136376415899
5	1.97772360528885
1	2.11727129565576
4	2.57978359661681
13	2.18752072083646
4	2.57170883180869
5	1.76342799356294
6	2.08278537031645
9	2.32837960343874
16	1.94448267215017
6	1.98677173426624
4	3.23729233756746
2	2.52633927738984
3	2.59988307207369
2	2.4996870826184
2	2.90471554527868
2	2.56229286445647
10	2.22530928172586
9	2.46834733041216
14	2.53147891704225
13	2.89097959698969
15	1.92427928606188
5	2.78887511577542
9	2.72509452108147
5	2.65127801399814
6	2.76492298464989
6	2.31175386105575
9	2.71767050300226
5	2.49136169383427
5	2.95279244304409
9	2.50105926221775
5	2.8992731873176
6	2.93801909747621
2	2.36172783601759
2	2.93196611472817
11	2.23044892137827
2	2.64836001098093
2	2.7664128471124
6	
5	1.96378782734556
8	2.60852603357719
2	2.53402610605613
6	2.64048143697042
6	2.41664050733828
9	1.7160033436348
16	2.03342375548695
2	2.8767949762007
2	2.97266559226611
2	2.49276038902684
6	2.52374646681156
3	2.44870631990508
6	2.80140371001735
6	2.66464197555613
8	2.2405492482826
6	2.82801506422398
5	2.3384564936046
6	2.19589965240923
6	2.61278385671974
1	2.42975228000241
6	2.34830486304816
9	2.79309160017658
2	1.97772360528885
11	1.74036268949424
8	2.14921911265538
6	2.72835378202123
9	2.55022835305509
7	2.70842090013471
11	2.48855071650044
9	2.67486114073781
9	2.12710479836481
5	2.10720996964787
1	2.91487181754005
3	2.56820172406699
9	2.46834733041216
8	2.3654879848909
6	2.59659709562646
6	1.04139268515822
1	1.67209785793572
16	2.06445798922692
4	2.55266821611219
9	2.27646180417324
6	2.55630250076729
9	2.12710479836481
5	2.41995574848976
8	2.52762990087134
1	2.70586371228392
1	2.46538285144842
1	2
1	2.58994960132571
1	1.68124123737559
1	1.98677173426624
6	2.3541084391474
6	2.13672056715641
6	2.64048143697042
4	1.46239799789896
6	2.74663419893758
9	2.66651798055488
9	2.67394199863409
6	2.51454775266029
6	2.61489721603313
4	1.63346845557959
9	2.74973631556906
2	2.39269695325967
11	2.57749179983723
5	2.72509452108147
9	2.78318869107526
14	2.53655844257153
6	3.28012289630231
16	1.9731278535997
6	2.84571801796666
9	2.01283722470517
6	1.39794000867204
1	2.50242711998443
1	1.9731278535997
6	2.23044892137827
1	2.6414741105041
2	3.10754912974469
3	2.67024585307412
1	2.49554433754645
1	2.22271647114758
13	2.76192783842053
5	2.52113808370404
2	1.74036268949424
3	2.51851393987789
2	2.53529412004277
10	2.86153441085904
4	2.48995847942483
9	3.02036128264771
9	2.58994960132571
11	2.9795483747041
9	2.19312459835446
7	2.49276038902684
2	2.69372694892365
10	1.79239168949825
11	2.09691001300806
7	2.94743372188705
9	2.75815462196739
9	2.91855453055027
9	1.93951925261862
9	2.32633586092875
4	2.39445168082622
9	2.62117628177504
6	2.51587384371168
1	1.39794000867204
6	2.36172783601759
1	2.90794852161227
1	
1	2.71933128698373
14	2.71349054309394
1	2.10720996964787
2	2.7160033436348
1	2.45636603312904
16	2.34242268082221
14	2.92324401863028
16	2.36735592102602
16	2.03342375548695
15	3.51174971134498
14	1.96378782734556
16	2.03342375548695
9	2.16435285578444
9	2.61804809671209
9	2.10380372095596
2	2.40654018043395
1	1.79934054945358
2	2.6170003411209
6	2.31386722036915
1	2.16136800223497
2	2.11394335230684
8	2.40823996531185
1	2.21218760440396
4	2.34635297445064
1	2.68663626926229
2	1.81954393554187
2	3.10482840365366
3	2.46686762035411
9	2.35024801833416
9	2.39445168082622
3	1.25527250510331
6	2.97266559226611
6	2.78887511577542
6	2.77085201164214
6	2.93550726582471
16	2.10380372095596
13	2.67669360962487
14	2.69635638873333
1	2.06818586174616
1	2.52891670027765
1	2.60422605308447
2	2.28103336724773
2	2.38201704257487
4	2.63447727016073
9	3.14860265480609
6	2.65801139665711
6	2.29003461136252
10	2.74115159885178
9	2.3324384599156
9	1.67209785793572
9	2.70243053644553
9	2.05690485133647
5	1.98227123303957
9	3.28690535297237
2	2.53402610605613
2	2.38916608436453
9	2.74896286125616
1	2.15533603746506
9	2.68484536164441
2	1.77085201164214
9	3.27392678010053
2	2.71516735784846
6	2.37839790094814
8	3.12775251583297
2	1.89209460269048
4	2.75204844781944
6	2.39619934709574
6	2.52762990087134
9	2.34830486304816
2	3.40088321554836
9	2.60852603357719
3	1.7481880270062
9	2.59769518592551
1	2.50650503240487
1	2.5705429398819
1	2.88761730033574
1	2.42160392686983
1	2.25285303097989
1	2.07554696139253
8	2.84010609445676
9	2.85491302230786
9	2.29446622616159
9	
9	1.93449845124357
2	2.50379068305718
3	2.92012332629072
9	2.29003461136252
4	2.62531245096167
5	2.60314437262018
1	2.12057393120585
1	2.2405492482826
2	2.8055008581584
1	2.5327543789925
6	2.4996870826184
1	2.47712125471966
1	2.88252453795488
1	2.55266821611219
1	2.69635638873333
1	1.61278385671974
17	2.31175386105575
17	2.25527250510331
9	1.79934054945358
17	2.15533603746506
6	2.64542226934909
2	3.10243370568134
9	2.72263392253381
9	1.98227123303957
6	2.64048143697042
11	2.94001815500766
8	1.63346845557959
2	2.07554696139253
6	3.09307130637606
15	1.92427928606188
15	1.94448267215017
15	1.99563519459755
15	2.51587384371168
15	2.68124123737559
2	2.06069784035361
9	2.75891189239797
9	1.85125834871908
2	1.91381385238372
9	2.08278537031645
2	2.73479982958885
2	2.62117628177504
2	2.31806333496276
2	2.99211148778695
11	2.00432137378264
3	2.42324587393681
6	2.11058971029925
4	2.07918124604762
8	2.70329137811866
8	2.5910646070265
5	2.21748394421391
9	2.38560627359831
9	
9	2.25527250510331
9	2.26007138798507
9	2.15836249209525
9	1.89209460269048
7	3.31492005599242
7	2.29885307640971
9	2.77085201164214
9	2.56937390961505
10	2.2380461031288
12	2.79588001734408
9	2.53907609879278
9	2.70842090013471
9	1.98677173426624
15	
9	2.70757017609794
8	2.96473092105363
9	2.35602585719312
1	2.25285303097989
14	1.44715803134222
1	2.13672056715641
6	2.72015930340596
11	1.50514997831991
1	2.03742649794062
1	2.45331834004704
1	2.76492298464989
1	1.86923171973098
14	3.39724458101039
5	2.74429298312268
5	2.35602585719312
1	2.58206336291171
6	1.88081359228079
2	2.17897694729317
2	2.57863920996807
10	2.64738297011462
9	2.65127801399814
8	3.12123145514962
13	1.92941892571429
9	2.60205999132796
13	1.77085201164214
13	2.66931688056611
1	2.38560627359831
9	2.75358305889291
9	2.91434315711944
9	2.89597473235906
4	1.96848294855394
4	2.71264970162721
1	1.95904139232109
2	1.55630250076729
1	1.64345267648619
10	1.77815125038364
9	2.63447727016073
6	2.48000694295715
1	2.71767050300226
6	2.63948648926859
6	2.30535136944662
2	1.80617997398389
2	2.67760695272049
2	1.47712125471966
1	1.60205999132796
4	2.42160392686983
1	2.98272338766855
2	2.77742682238931
2	2.81756536955978
2	2.22271647114758
9	1.68124123737559
1	2.81822589361396
17	1.8750612633917
1	2.95279244304409
15	2.19033169817029
16	2.56466606425209
15	2.49276038902684
6	2.17026171539496
1	1.98227123303957
6	1.36172783601759
2	2.06069784035361
4	2.36735592102602
1	2.26245108973043
9	1.95424250943932
9	2.68033551341456
4	2.24797326636181
9	2.49276038902684
13	1.95424250943932
9	1.89762709129044
9	2.58319877396862
1	2.02938377768521
1	2.66370092538965
1	2.34439227368511
2	2.46239799789896
4	2.51719589794997
6	2.26481782300954
2	2.72345567203519
2	2.62117628177504
2	2.98136550907854
2	2.92012332629072
2	2.02530586526477
2	2.67760695272049
2	2.92737036303902
2	2.76042248342321
2	2.75663610824585
2	2.06445798922692
2	2.33041377334919
2	2.13987908640124
2	2.69983772586725
2	2.85125834871908
2	2.62428209583567
2	2.43616264704076
2	2.60745502321467
2	2.52113808370404
4	2.08635983067475
6	2.23044892137827
8	1.47712125471966
8	2.60530504614111
6	2.30102999566398
4	2.01283722470517
6	2.38201704257487
5	2.51587384371168
9	2.67577834167408
6	2.53907609879278
9	2.01703333929878
13	2.40483371661994
2	2.987219229908
2	2.06069784035361
2	2.44404479591808
4	2.85064623518307
14	2.45024910831936
4	1.14612803567824
6	2.23552844690755
1	2.13353890837022
1	2.46834733041216
2	2.45331834004704
6	1.54406804435028
9	3.12188798510368
8	2.60745502321467
6	1.72427586960079
3	2.50242711998443
4	2.95375969173323
1	2.52113808370404
2	2.26007138798507
16	1.61278385671974
16	1.61278385671974
15	2
16	1.79239168949825
17	
16	1.79239168949825
16	2.42160392686983
5	2.52374646681156
2	2.66370092538965
17	3.21005084987514
17	1.99122607569249
16	2.20411998265592
16	1.79239168949825
1	2.83314711191278
8	2.8055008581584
9	2.70329137811866
3	2.45484486000851
1	2.24303804868629
2	1.91381385238372
2	2.36361197989214
6	2.21218760440396
4	2.40483371661994
4	2.71767050300226
2	2.15836249209525
2	2.69722934275972
1	1.77085201164214
9	1.97772360528885
1	1.99122607569249
10	1.97772360528885
9	1.49136169383427
13	2.57749179983723
6	1.85733249643127
15	2.71933128698373
9	2.32221929473392
9	2.67942789661212
3	2.22271647114758
2	2.62428209583567
4	2.30102999566398
4	2.83632411570675
6	2.66275783168157
2	2.71180722904119
2	3.00603795499732
3	2.46982201597816
6	2.07554696139253
6	2.8561244442423
3	2.13353890837022
2	2.14612803567824
6	1.55630250076729
9	2.93851972517649
9	3.19479175772192
9	3.10174707394637
5	2.52374646681156
10	2.26007138798507
9	2.22530928172586
6	2.71933128698373
6	2.62940959910272
6	2.81291335664286
6	2.28555730900777
1	1.83884909073726
1	2.32428245529769
1	2.5705429398819
9	2.94645226501307
9	1.79934054945358
6	2.05307844348342
12	1.69897000433602
2	1.11394335230684
2	1.82607480270083
6	2.71933128698373
6	2.64542226934909
2	2.2718416065365
1	2.6232492903979
8	2.20682587603185
9	
6	2.45636603312904
5	2.70500795933334
9	2.94299959336604
6	2.35602585719312
5	2.66558099101795
6	3.02612451674545
8	2.18752072083646
8	2.8481891169914
6	2.07188200730613
4	2.49415459401844
6	2.43775056282039
8	2.56229286445647
6	2.56110138364906
8	1.85733249643127
8	2.34830486304816
9	1.91381385238372
8	2.75966784468963
6	1.7481880270062
6	2.27646180417324
9	1.88649072517248
11	0.698970004336019
9	2.58319877396862
5	2.53781909507327
11	2.75891189239797
2	1.8750612633917
9	2.7427251313047
9	3.07918124604762
6	2.79098847508882
9	2.70842090013471
9	2.78604121024255
6	2.40654018043395
6	2.8992731873176
9	3.07298474462793
8	2.95904139232109
8	2.86981820797933
2	1.85125834871908
9	2.2380461031288
9	1.89209460269048
6	2.57403126772772
9	2.04139268515822
4	2.67394199863409
6	3.12904505988796
5	1.75587485567249
6	1.72427586960079
8	2.29003461136252
9	2.08278537031645
9	2.17318626841227
14	2.13672056715641
13	2.17318626841227
9	2.45331834004704
10	3.40140054078154
9	2.91169015875386
9	1.89209460269048
8	2.37657695705651
9	2.97726621242729
5	2.06445798922692
10	2.13987908640124
6	2.17026171539496
9	2.62940959910272
7	2.46834733041216
7	2.86981820797933
9	2.4345689040342
6	2.55630250076729
9	2.73798732633343
9	2.72997428569956
16	
10	3.31217735643978
9	2.33041377334919
6	2.23552844690755
6	2.80345711564841
9	2.8998205024271
9	2.52244423350632
9	2.64048143697042
16	2.31597034545692
14	3.11293997608408
15	2.90471554527868
9	2.94939000664491
6	2.03742649794062
5	1.84509804001426
8	2.30319605742049
10	2.44404479591808
11	3.03502928220237
2	2.56229286445647
8	2.46389298898591
6	2.45788189673399
6	2.88817949391833
9	2.59439255037543
1	2.21748394421391
1	2.8228216453031
1	2.51454775266029
2	1.30102999566398
5	1.80617997398389
1	2.61489721603313
14	2.12385164096709
14	1.69897000433602
1	1.5910646070265
1	1.38021124171161
8	2.19312459835446
3	2.63848925695464
6	2.35983548233989
9	2.23299611039215
9	2.46239799789896
17	2.25285303097989
6	2.90254677931399
9	2.27415784926368
3	2.89376176205794
9	2.63245729218472
6	2.58092497567562
6	2.32221929473392
6	2.43616264704076
7	2.45636603312904
8	2.51982799377572
9	2.4814426285023
1	2.82801506422398
2	2.54282542695918
6	3.07773117965239
2	2.99299509843134
7	2.60530504614111
9	2.8394780473742
6	1.92427928606188
2	2.71767050300226
2	2.8234742291703
2	2.60959440922522
2	2.53402610605613
2	3.0068937079479
2	3.05728564441821
9	2.95085145888855
9	2.88592633980143
6	2.19589965240923
7	2.7041505168398
9	2.82477646247555
9	1.27875360095283
2	2.44404479591808
6	2.7427251313047
3	2.68484536164441
9	2.22530928172586
4	2.69897000433602
3	2.54032947479087
9	2.56466606425209
8	3.40568778667278
6	2.65896484266443
4	2.57978359661681
6	3.04296907339318
2	2.69983772586725
4	2.60959440922522
12	2.58092497567562
6	2.43775056282039
5	2.78390357927273
2	2.65417654187796
9	2.03342375548695
1	1.72427586960079
2	2.04139268515822
6	2.58994960132571
2	1.98677173426624
2	2.29225607135648
4	2.74350976472843
9	2.41161970596323
4	2.2405492482826
9	1.99122607569249
6	0.954242509439325
11	1.93951925261862
13	2.35024801833416
13	2.79098847508882
12	2.94596070357757
8	2.55630250076729
10	2.29885307640971
8	2.46239799789896
9	0.903089986991943
2	3.23401081758718
2	3.00560944536028
4	3.25815819334079
2	2.9566485792052
2	2.37291200297011
14	2.26717172840301
1	1.04139268515822
1	2.96754797621886
13	1.79239168949825
15	1.79239168949825
15	1.94939000664491
15	2.40483371661994
16	1.47712125471966
6	2.65321251377534
1	2.30535136944662
16	2.26481782300954
16	2.5092025223311
14	2.49136169383427
2	2.96094619573383
16	1.83250891270624
1	2.55144999797287
14	2.7979596437372
2	2.00860017176192
16	2.56110138364906
15	2.14612803567824
1	1.8750612633917
1	2.72997428569956
9	2.31806333496276
9	2.26007138798507
1	2.54157924394658
2	2.64443858946784
2	2.60745502321467
1	1.95424250943932
3	2.59659709562646
2	2.42813479402879
2	2.37657695705651
2	2.16435285578444
2	2.82477646247555
2	2.67577834167408
2	2.59659709562646
2	2.34830486304816
2	2.83695673705955
9	2.55144999797287
9	3.22814360759774
15	2.92941892571429
14	2.94987770403687
6	1.36172783601759
9	2.78103693862113
2	2.05690485133647
5	2.75127910398334
2	2.64345267648619
9	1.80617997398389
1	2.58883172559421
1	2.17026171539496
2	2.1846914308176
1	1.92427928606188
2	2.52633927738984
1	1.04139268515822
6	1.91907809237607
14	2.48855071650044
8	2.13353890837022
9	2.06818586174616
9	1.51851393987789
13	1.61278385671974
2	2.5910646070265
6	2.62428209583567
9	2.17897694729317
9	2.11058971029925
6	2.48572142648158
1	2.30749603791321
9	2.8733206018154
1	1.50514997831991
6	2.35793484700045
6	2.65127801399814
2	2.72672720902657
2	2.45024910831936
12	2.47275644931721
17	2.2380461031288
9	2.9804578922761
1	2.29666519026153
2	2.40654018043395
6	2.81224469680037
1	1.56820172406699
16	2.02938377768521
15	1.93449845124357
14	1.82607480270083
11	2.17897694729317
4	2.4814426285023
2	2.47275644931721
7	2.12710479836481
2	2.04532297878666
2	1.54406804435028
2	2.46834733041216
9	1.69897000433602
5	2.44247976906445
1	2.58994960132571
1	1.88081359228079
1	2.50514997831991
1	2.53147891704225
1	2.6063813651106
1	2.96661098668193
9	2.47129171105894
9	2.34044411484012
9	2.9731278535997
1	1.55630250076729
1	2.54654266347813
9	2.49692964807321
9	2.51321760006794
8	2.1430148002541
9	1.85733249643127
2	2.69196510276736
15	2.69196510276736
1	2.76937732607614
3	2.19312459835446
2	1.72427586960079
2	1.53147891704226
4	2.77815125038364
2	1.77815125038364
6	2.40312052117582
7	2.86391737695786
6	3.30513631894364
14	2.72672720902657
11	2.93449845124357
17	1.77815125038364
17	1.84509804001426
16	2.36172783601759
17	2.40312052117582
6	2.54406804435028
11	2.43933269383026
16	2.51587384371168
13	1.30102999566398
9	2.82672252016899
15	1.44715803134222
2	2.60745502321467
6	2.57863920996807
12	2.70329137811866
9	1.86923171973098
17	1.86923171973098
2	2.35983548233989
6	2.9903388547876
11	2.52113808370404
5	2.70842090013471
3	2.03342375548695
9	2.60745502321467
9	1.81291335664286
5	2.10720996964787
9	2.83758843823551
9	1.93951925261862
12	2.70329137811866
6	2.66558099101795
11	1.81291335664286
1	1.93951925261862
9	2.57170883180869
1	2.67669360962487
2	2.61489721603313
1	1.77085201164214
6	2.89872518158949
6	2.66464197555613
4	2.72509452108147
1	2.53147891704225
6	2.74350976472843
1	2.01283722470517
1	2.16435285578444
1	2.61489721603313
6	2.39093510710338
14	1
1	2.29225607135648
1	2.9532763366673
3	2.71096311899528
8	2.39445168082622
2	2.10380372095596
2	2.20951501454263
6	2.71180722904119
3	2.3384564936046
2	2.10037054511756
2	0.845098040014257
11	2.3324384599156
9	2.17897694729317
2	2.43616264704076
6	2.50105926221775
3	2.7979596437372
4	2.20951501454263
9	2.74585519517373
9	2.70926996097583
8	2.02938377768521
6	2.04532297878666
2	2.77524625974024
1	2.11394335230684
9	2.58658730467175
4	2.95036485437612
5	2.15836249209525
1	2.61909333062674
8	1.61278385671974
9	1.94448267215017
6	2.92324401863028
6	1.17609125905568
4	2.71349054309394
4	2.13353890837022
4	2.56348108539441
2	2.17897694729317
10	2.26245108973043
6	2.04532297878666
6	2.90579588036787
9	2.36735592102602
6	2.33445375115093
8	1.89209460269048
6	2.29885307640971
6	1.99563519459755
9	2.40654018043395
6	2.3384564936046
11	2.59217675739587
1	1.6232492903979
1	2.95999483832842
11	2.85491302230786
12	2.63948648926859
7	2.34635297445064
6	2.16136800223497
11	1.25527250510331
14	2.3324384599156
2	2.26007138798507
16	
1	2.10720996964787
8	2.27875360095283
9	1.53147891704226
2	1.79239168949825
3	2.70070371714502
1	2.45788189673399
5	2.45178643552429
3	2.36735592102602
6	2.69108149212297
9	2.7160033436348
2	1.89762709129044
2	1.77815125038364
9	2.6170003411209
1	1.97772360528885
9	3.04336227802113
6	2.5705429398819
2	2.06069784035361
6	2.46538285144842
2	2.67117284271508
9	2.20411998265592
6	2.38381536598043
10	2.43136376415899
6	2.37106786227174
6	1.83884909073726
16	2.74585519517373
14	2.33041377334919
4	2.71096311899528
1	2.15836249209525
1	1.79934054945358
2	2.31806333496276
6	2.16136800223497
2	1.9731278535997
9	2.39967372148104
6	2.57403126772772
9	2.70842090013471
11	2.4456042032736
2	2.40993312333129
3	1.57978359661681
9	2.93094903116752
9	3.02612451674545
8	3.11727129565576
8	1.81954393554187
6	2.68574173860226
9	2.6570558528571
11	2.02530586526477
2	2.01703333929878
16	3.18412335423967
17	2.38738982633873
10	2.16731733474818
10	2.41995574848976
14	1.88081359228079
15	2.19589965240923
14	2.46239799789896
15	2.65513843481138
16	2.65030752313194
9	2.00860017176192
16	2.32221929473392
9	1.80617997398389
9	2.03742649794062
16	2.02938377768521
15	1.79934054945358
14	1.81291335664286
16	2.60745502321467
6	3.09025805293132
6	2.72015930340596
2	2.3384564936046
6	2.61804809671209
2	2.09342168516224
7	2.84757265914211
1	2.84571801796666
1	2.43296929087441
6	2.58994960132571
4	2.63144376901317
6	2.52244423350632
9	2.68930885912362
9	2.90902085421116
2	2.97358962342726
2	2.3541084391474
2	2.32633586092875
13	3.27989498001164
1	1.14612803567824
1	2.15228834438306
4	2.65417654187796
1	2.32837960343874
1	1.78532983501077
11	2.2380461031288
9	2.11058971029925
15	2.33445375115093
2	2.7427251313047
9	2.67486114073781
16	2.02938377768521
4	2.61804809671209
1	2.55630250076729
1	2.78175537465247
6	2.30535136944662
9	2.35218251811136
6	2.38560627359831
9	1.90848501887865
8	2.3541084391474
9	2.55990662503611
4	2.36361197989214
6	2.26007138798507
2	2.47275644931721
2	2.78887511577542
16	1.79239168949825
2	3.04296907339318
2	2.02530586526477
2	2.46239799789896
9	3.470116353151
16	2.3541084391474
2	2.49554433754645
2	2.88761730033574
14	2.68752896121463
2	3.18639121569549
14	2.17897694729317
2	2.24551266781415
2	2.54282542695918
3	2.56466606425209
9	2.61278385671974
9	2.3654879848909
6	2.50242711998443
2	3.27207378750001
6	2.55630250076729
9	2.47856649559384
1	2.55750720190566
6	3.13353890837022
4	2.28555730900777
9	2.81491318127507
3	2.4456042032736
2	2.51719589794997
2	2.18752072083646
6	2.72835378202123
9	2.40654018043395
2	2.45484486000851
9	1.94448267215017
9	2.78247262416629
9	1.94448267215017
9	1.14612803567824
6	2.26245108973043
9	2.89707700320942
11	1.67209785793572
8	1.86923171973098
9	1.39794000867204
9	2.69284691927723
9	1.90308998699194
9	2.02938377768521
9	2.19589965240923
6	2.29666519026153
9	3.16076856186113
6	1.49136169383427
6	1.98677173426624
9	2.79448804665917
9	1.99563519459755
9	2.76937732607614
9	1.94939000664491
9	2.15836249209525
9	1.43136376415899
9	1.88081359228079
9	2.78318869107526
9	1.86332286012046
9	3.23299611039215
9	2.47712125471966
9	1.99122607569249
9	2.12710479836481
9	1.7481880270062
9	1.88081359228079
9	0.845098040014257
10	2.23044892137827
9	2.51321760006794
9	1.92427928606188
8	2.8208579894397
9	1.69897000433602
6	3.17638069224327
2	1.66275783168157
4	2.75127910398334
2	2.46834733041216
1	2.64933485871214
5	2.40483371661994
1	2.85247999363686
2	1.70757017609794
9	2.91645394854992
17	2.03342375548695
1	2.16731733474818
6	2.46686762035411
5	1.93449845124357
6	3.10071508657308
5	2.66558099101795
8	2.10037054511756
1	2.13672056715641
2	1.77815125038364
9	1.38021124171161
11	2.89597473235906
2	3.01661554755718
3	2.20139712432045
9	1.93449845124357
9	1.25527250510331
6	2.72916478969277
9	2.81358098856819
6	2.48855071650044
11	1.96378782734556
11	2.12710479836481
13	1.88081359228079
5	2.6730209071289
6	2.60422605308447
1	2.48287358360875
1	2.65224634100332
1	2.90308998699194
1	2.6414741105041
6	2.66181268553726
1	3.06707085604537
6	2.06818586174616
4	2.48429983934679
5	2.61909333062674
6	2.87852179550121
2	2.10037054511756
11	2.02530586526477
1	1.75587485567249
2	2.18752072083646
5	2.85733249643127
9	2.10720996964787
1	1.04139268515822
1	1.39794000867204
1	2.07188200730613
2	2.07554696139253
3	1.65321251377534
1	1.99563519459755
9	2.45939248775923
1	1.85733249643127
3	2.52504480703684
2	2.57287160220048
3	1.99563519459755
1	1.43136376415899
3	2.20139712432045
3	2.39619934709574
1	2.46239799789896
2	2.39445168082622
1	1.92427928606188
8	2.22271647114758
9	2.2718416065365
5	2.51454775266029
9	1.83884909073726
9	2.12710479836481
15	2.78816837114117
9	2.72509452108147
1	2.46982201597816
1	2.33041377334919
1	2.63848925695464
2	2.56110138364906
2	2.41664050733828
2	1.43136376415899
4	1.98677173426624
15	2.46686762035411
15	2.33445375115093
15	2.61066016308988
2	2.03742649794062
2	2.37657695705651
2	2.52113808370404
1	2.40823996531185
2	2.07554696139253
1	2.68663626926229
1	2.56229286445647
6	2.46389298898591
2	
6	1.98227123303957
6	1.95904139232109
6	2.29446622616159
9	2.09691001300806
9	2.58206336291171
11	1.67209785793572
6	2.17897694729317
2	2.64443858946784
1	2.55388302664387
17	1.38021124171161
5	1.96848294855394
2	2.53781909507327
1	2.71933128698373
8	2.62531245096167
16	1.85125834871908
17	1.8750612633917
6	2.86093662070009
5	1.94448267215017
6	2.99738638439731
9	2.68214507637383
5	2.47129171105894
6	2.85003325768977
9	2.64048143697042
9	2.45331834004704
15	1.53147891704226
16	2.35218251811136
16	2.66838591669
6	2.71011736511182
8	2.76042248342321
6	2.94398887507377
6	2.56584781867352
1	2
1	1.86923171973098
1	2.3324384599156
1	1.55630250076729
10	2.81624129999178
2	2.19033169817029
15	2.19312459835446
2	2.77378644498119
3	2.87737134586977
5	2.78958071216443
6	3.36040405472994
6	2.32221929473392
9	2.80482067872116
2	2.69019608002851
1	2.05307844348342
9	2.74350976472843
2	2.41830129131975
2	2.65030752313194
9	2.07188200730613
1	1.92941892571429
1	1.11394335230684
10	1.9731278535997
6	2.74036268949424
5	2.51454775266029
9	2.82736927305382
9	1.82607480270083
9	2.58658730467175
12	2.35983548233989
7	1.96378782734556
8	2.37839790094814
7	2.6570558528571
2	1.78532983501077
10	1.7160033436348
9	2.79865064544527
9	2.64542226934909
9	2.93449845124357
8	1.8750612633917
9	2.5854607295085
1	2.72997428569956
1	2.68214507637383
1	2.20682587603185
1	2.74973631556906
1	1.49136169383427
1	2.31386722036915
1	2.81358098856819
16	1.81291335664286
1	2.63848925695464
12	2.77670118398841
1	2.76715586608218
1	2.49554433754645
1	1.94448267215017
9	3.08350261983027
11	1.55630250076729
2	1.93951925261862
9	2.30749603791321
9	2.32014628611105
8	2.7481880270062
9	2.53655844257153
16	2.78318869107526
6	2.69635638873333
17	2.53655844257153
14	2.35793484700045
2	1.98227123303957
8	2.31806333496276
14	2.00432137378264
9	2.75434833571102
6	2.30535136944662
4	2.57634135020579
15	2.69460519893357
16	1.90308998699194
14	2.88024177589548
14	2.74429298312268
9	2.75281643118827
16	2.65127801399814
10	2.1846914308176
17	2.57634135020579
9	2.84385542262316
9	1.55630250076729
16	1.69897000433602
16	1.83884909073726
16	1.68124123737559
15	1.75587485567249
16	1.81954393554187
11	1.60205999132796
16	1.77815125038364
9	2.71850168886727
11	2.55870857053317
14	1.86332286012046
14	2.79169064902012
11	2.09691001300806
9	2.78604121024255
9	2.56466606425209
9	1.67209785793572
10	1.17609125905568
16	2.2380461031288
10	2.54282542695918
16	2.41830129131975
2	2.81756536955978
2	2.69722934275972
2	2.56584781867352
2	2.69810054562339
2	2.68841982200271
2	2.47712125471966
2	2.56937390961505
2	2.82020145948564
3	2.44715803134222
2	2.77305469336426
2	2.09342168516224
2	2.05307844348342
2	2.32221929473392
4	2.90579588036787
2	2.73878055848437
2	2.62838893005031
2	2.69810054562339
6	2.33041377334919
8	1.92941892571429
7	2.35983548233989
5	3.01828430842653
9	3.06707085604537
2	2.55750720190566
2	1.91381385238372
2	2.58092497567562
3	2.99475694458763
1	1.92941892571429
9	2.46686762035411
9	2.38560627359831
9	2.24303804868629
9	2.45636603312904
9	2.88874096068289
7	2.4814426285023
7	1.53147891704226
10	1.47712125471966
15	1.51851393987789
17	2.46389298898591
16	1.5910646070265
15	2.7041505168398
9	2.22271647114758
11	2.11727129565576
1	1.95424250943932
14	3.40483371661994
11	2.04921802267018
6	2.3096301674259
14	3.05842602445701
9	2.3096301674259
9	2.83632411570675
8	2.51982799377572
6	2.27875360095283
14	1.93449845124357
9	2.88536122003151
9	2.51454775266029
9	1
9	2.33645973384853
6	2.3324384599156
9	2.33041377334919
5	2.6570558528571
2	2.39445168082622
9	2.61489721603313
9	2.66464197555613
7	2.6170003411209
6	2.48572142648158
6	2.96801571399364
8	2.65417654187796
6	2.49136169383427
9	3.12287092286443
11	1.86923171973098
9	1.99563519459755
9	2.72427586960079
9	2.19312459835446
10	2.51054501020661
9	2.76267856372744
9	2.60422605308447
9	2.80617997398389
11	1.14612803567824
10	2.36172783601759
9	2.39794000867204
11	3.69966432020237
10	2.63447727016073
9	2.68841982200271
9	1.75587485567249
9	1.82607480270083
9	1.84509804001426
9	3.07151380509509
13	2.13672056715641
9	2.13987908640124
9	1.32221929473392
9	2.38381536598043
9	2.73479982958885
9	2.07554696139253
10	2.32837960343874
10	3.13735411137073
11	2.80140371001735
9	2.7701152947871
12	2.97266559226611
13	1.77085201164214
9	2.39269695325967
13	2.62428209583567
9	2.79865064544527
9	2.26245108973043
9	2.6159500516564
8	2.79657433321043
9	2.94051648493257
9	2.63245729218472
9	1.88081359228079
15	2.84571801796666
11	2.45484486000851
9	1.9731278535997
9	2.11727129565576
11	1.74036268949424
9	2.77959649125782
9	1.83250891270624
11	1.76342799356294
9	2.47856649559384
11	2.20682587603185
11	2.45331834004704
13	2.43933269383026
11	2.41161970596323
10	1.73239375982297
11	2.76789761601809
11	2.04532297878666
11	2.33445375115093
9	2.94200805302231
9	2.09342168516224
15	1.7160033436348
14	1.69019608002851
8	2.73639650227664
16	2.64640372622307
13	1.89209460269048
9	2.74429298312268
16	2.6159500516564
14	2.03342375548695
16	2.40483371661994
11	2.12385164096709
14	2.12710479836481
13	2.54282542695918
11	1.81291335664286
1	2.79309160017658
11	2.54157924394658
12	2.0899051114394
10	2.80888586735981
9	2.66181268553726
11	2.64048143697042
9	2.67209785793572
11	2.77887447200274
9	2.59549622182557
12	1.39794000867204
14	1.80617997398389
10	2.23044892137827
9	2.4345689040342
4	2.37839790094814
8	2.54900326202579
2	2.65896484266443
2	2.19033169817029
1	2.4814426285023
2	2.53019969820308
2	2.80888586735981
2	2.47275644931721
2	2.97497199429807
2	2.48429983934679
1	2.13353890837022
1	2.75204844781944
2	2.0899051114394
1	1.92941892571429
1	1.88081359228079
9	2.64836001098093
9	2.30749603791321
6	1.86923171973098
10	1.54406804435028
11	2.64542226934909
6	2.24797326636181
4	2.79865064544527
3	2.68124123737559
3	2.26717172840301
3	2.12710479836481
2	2.57518784492766
2	3.24328614608345
9	1.81291335664286
6	2.82020145948564
8	1.72427586960079
9	2.01283722470517
9	2.36172783601759
9	2.35793484700045
12	1.20411998265592
2	2.54530711646582
9	2.32428245529769
8	2.80753502806885
8	2.77524625974024
4	2.76417613239033
6	2.59879050676312
6	2.72997428569956
2	2.49136169383427
9	2.70926996097583
9	2.62940959910272
6	2.87909587950007
9	2.62117628177504
2	2.93500315145365
9	2.93094903116752
9	2.36735592102602
6	2.10037054511756
3	2.3541084391474
12	1.83250891270624
16	2.02118929906994
9	1.74036268949424
14	1.65321251377534
7	2.2148438480477
9	1.94939000664491
6	2.71850168886727
6	2.6954816764902
4	2.03342375548695
6	2.16731733474818
6	2.86332286012046
2	2.54032947479087
4	2.76715586608218
5	2.59769518592551
4	1.72427586960079
2	2.75966784468963
2	2.07918124604762
5	2.45636603312904
2	2.55630250076729
6	2.12057393120585
11	2.29666519026153
3	2.81491318127507
9	3.04414762087872
2	2.65896484266443
9	2.39794000867204
6	2.45178643552429
2	2.53019969820308
2	2.81358098856819
2	1.91381385238372
2	2.62940959910272
2	2.3324384599156
2	2.62838893005031
2	1.72427586960079
5	2.02938377768521
2	2.15533603746506
2	2.42813479402879
2	1.6232492903979
4	2.74663419893758
8	1.04139268515822
2	2.57287160220048
6	2.49276038902684
15	1.90848501887865
15	1.7160033436348
15	2.89153745767256
16	1.84509804001426
11	1.77815125038364
2	2.59879050676312
2	2.36921585741014
9	2.73319726510657
6	2.84447717574568
3	2.63245729218472
3	2.41664050733828
3	2.06445798922692
9	2.78175537465247
9	2.70329137811866
9	2.61489721603313
4	2.76117581315573
9	1.95424250943932
5	2.89817648349768
6	1.55630250076729
9	2.02118929906994
2	2.84447717574568
1	2.64640372622307
9	2.59439255037543
9	3.19312459835446
4	2.56466606425209
9	2.83505610172012
6	2.96189547366785
9	3.00817418400643
5	2.42651126136458
9	2.58206336291171
9	2.53147891704225
9	2.61278385671974
6	2.8488047010518
9	2.64246452024212
1	2.12385164096709
9	3.04727486738418
11	2.26951294421792
8	3.03422726077055
8	2.72427586960079
10	2.34044411484012
9	2.43775056282039
9	2.42160392686983
9	2.86746748785905
9	2.65991620006985
9	2.52374646681156
11	2.94890176097021
1	2.54777470538782
1	1.27875360095283
1	2.27415784926368
11	2.39967372148104
2	2.47421626407626
9	2.89376176205794
6	2.35024801833416
9	2.04532297878666
6	2.50242711998443
8	2.88592633980143
8	2.70156798505593
9	1.36172783601759
4	1.25527250510331
1	2.9216864754836
2	2.84571801796666
6	2.97863694838447
1	2.48572142648158
3	2.76342799356294
2	2.51719589794997
2	2.1430148002541
7	2.6414741105041
7	1.88081359228079
9	2.11058971029925
6	2.24551266781415
6	2.65127801399814
6	1.83250891270624
6	2.34635297445064
6	2.17897694729317
6	2.41497334797082
14	1.41497334797082
9	1.64345267648619
9	2.62531245096167
9	1.99122607569249
6	2.51719589794997
13	1.90848501887865
2	3.00603795499732
8	2.95279244304409
11	2.53147891704225
4	2.65991620006985
9	1.54406804435028
11	2.56702636615906
8	2.39093510710338
4	2.68304703823885
4	2.86628733908419
4	2.49136169383427
9	3.07261747654524
1	2.5705429398819
14	2.66651798055488
9	2.07554696139253
1	0.903089986991943
6	2.02530586526477
9	1.65321251377534
4	2.54406804435028
7	2.10037054511756
16	1.83250891270624
9	2.52762990087134
6	2.19865708695442
6	2.34635297445064
1	1.73239375982297
2	2.65127801399814
3	1.85733249643127
11	2.68841982200271
9	1.38021124171161
2	2.69196510276736
2	2.6159500516564
2	3.02530586526477
9	2.65609820201283
9	2.69722934275972
6	2.68214507637383
3	2.54530711646582
14	1.79934054945358
6	2.75358305889291
2	2.48000694295715
1	2.14612803567824
9	2.73878055848437
13	2.48572142648158
11	1.93951925261862
10	2.39445168082622
11	1.49136169383427
9	2.68033551341456
5	2.53402610605613
9	2.49136169383427
4	2.67117284271508
6	2.6063813651106
6	2.17318626841227
6	2.99299509843134
7	2.68484536164441
6	2
8	2.68663626926229
9	2.67024585307412
7	3.24723654950676
8	1.11394335230684
9	2.76417613239033
4	2.3384564936046
9	2.17897694729317
9	2.43616264704076
4	2.72098574415374
9	2.79028516403324
2	2.13987908640124
2	2.62634036737504
6	2.7160033436348
2	2.88930170250631
2	2.08278537031645
6	2.40312052117582
9	2.68394713075151
9	2.8055008581584
8	2.72015930340596
8	2.35793484700045
11	1.81291335664286
6	2.84198480459011
6	2.9903388547876
6	2.45636603312904
9	2.13987908640124
9	2.62736585659273
15	
6	2.69108149212297
9	3.00043407747932
9	2.75434833571102
9	3.09131515969722
5	2.84260923961056
9	2.46239799789896
9	2.26245108973043
4	1.79934054945358
6	1.50514997831991
3	2.73559889969818
9	2.91222205653242
9	2.8819549713396
6	2.8842287696326
2	3.23729233756746
2	2.47129171105894
2	2.53907609879278
2	2.99078269180314
2	2.58206336291171
9	2.65801139665711
6	2.25042000230889
8	3.06707085604537
6	2.66931688056611
9	1.84509804001426
7	2.80277372529198
6	2.39619934709574
9	2.85430604180108
15	2.46389298898591
9	2.49415459401844
7	2.07188200730613
6	2.79934054945358
5	3.04414762087872
7	2.58883172559421
6	3.01745072951054
5	2.11727129565576
5	3.09377178149873
4	2.42975228000241
5	2.85003325768977
9	2.05690485133647
1	2.94001815500766
1	2.76267856372744
1	2.62428209583567
8	2.71767050300226
11	2.87737134586977
5	3.08955188288645
6	2.81424759573192
12	2.46982201597816
4	3.07408468902824
6	3.19672872262329
5	3.16375752398196
7	2.68124123737559
10	2.7481880270062
9	3.43376983392487
9	2.71011736511182
9	2.03342375548695
10	2.18184358794477
6	2.69284691927723
9	2.70926996097583
11	2.28103336724773
3	2.68214507637383
9	2.58319877396862
5	2.34242268082221
8	2.61066016308988
6	2.58771096501891
6	2.29446622616159
6	2.4345689040342
4	1.90308998699194
9	2.39619934709574
5	2.32221929473392
2	2.7427251313047
2	2.54654266347813
2	2.46538285144842
2	2.52762990087134
8	2.72015930340596
2	2.66464197555613
2	2.75434833571102
6	2.86628733908419
8	2.13672056715641
6	2.67760695272049
1	2.82542611776782
5	2.56820172406699
4	2.60314437262018
9	2.29003461136252
2	2.41329976408125
1	2.57518784492766
9	2.77887447200274
9	2.50785587169583
2	2.43775056282039
5	1.81954393554187
9	2.6730209071289
6	2.81557774832427
6	2.32633586092875
5	1.66275783168157
6	2.38201704257487
6	2.14921911265538
6	
9	2.81224469680037
4	2.18752072083646
9	2.55630250076729
9	2.56110138364906
6	2.02530586526477
11	2.35024801833416
6	3.04805317311561
2	3.29025726939452
10	2.60205999132796
7	2.81358098856819
8	2.97405090279288
6	2.64836001098093
2	2.55022835305509
6	2.57634135020579
9	2.06069784035361
6	2.42975228000241
5	2.60422605308447
9	2.75050839485135
9	2.48713837547719
6	2.59988307207369
9	2.38021124171161
6	2.59879050676312
6	2.6170003411209
6	2.65417654187796
4	3.00860017176192
2	1.93951925261862
8	2.98091193777684
9	2.36172783601759
2	1.63346845557959
4	3.0265332645233
9	3.02284061087653
5	2.40993312333129
5	2.30749603791321
8	2.3541084391474
6	2.61066016308988
8	3.03782475058834
9	2.56820172406699
9	2.71264970162721
9	2.29003461136252
6	2.76492298464989
4	2.7419390777292
9	2.62940959910272
4	2.58206336291171
8	2.61172330800734
4	1.41497334797082
8	2.99255351783214
6	2.26481782300954
9	2.45636603312904
2	2.36172783601759
2	1.97772360528885
2	2.19312459835446
9	2.17897694729317
2	2.18752072083646
6	2.93951925261862
5	3.52400644555737
9	2.04532297878666
6	2.25042000230889
9	2.3541084391474
7	2.76342799356294
14	2.90525604874845
16	2.47712125471966
3	2.35983548233989
3	2.80753502806885
2	2.72672720902657
16	2.45939248775923
9	2.71683772329952
9	1.66275783168157
2	2.30102999566398
6	2.48000694295715
1	2.04139268515822
6	2.54032947479087
9	2.67669360962487
4	2.46089784275655
16	2.69983772586725
14	1.94448267215017
14	1.85733249643127
6	2.10720996964787
6	2.44247976906445
7	2.61384182187607
1	2.68841982200271
9	2.70500795933334
9	2.84260923961056
4	
8	2.67117284271508
6	2.90417436828416
4	2.42813479402879
9	2.52504480703684
7	2.80002935924413
9	2.76117581315573
5	2.9532763366673
2	
6	
8	2.39269695325967
4	
4	1.23044892137827
9	2.63245729218472
10	1.98227123303957
9	3.13257984765974
9	2.89542254603941
6	
11	2.07918124604762
13	2.35024801833416
9	2.55509444857832
11	2.59879050676312
8	2.4345689040342
5	
9	2.4996870826184
10	2.57170883180869
9	
5	2.29666519026153
9	2.39093510710338
5	1.20411998265592
9	1.95424250943932
9	2.65896484266443
7	2.16136800223497
5	2.2380461031288
4	2.49276038902684
6	2.1430148002541
11	2.20411998265592
9	2.14612803567824
3	2.67209785793572
7	2.5854607295085
3	2.1846914308176
2	1.96378782734556
3	2.6232492903979
5	2.51982799377572
5	2.79588001734408
4	2.34242268082221
9	2.5327543789925
2	3.25719842613934
9	2.57749179983723
9	2.64345267648619
4	2.26007138798507
4	2.7041505168398
6	2.02938377768521
6	2.54530711646582
2	2.34044411484012
2	2.25527250510331
2	2.76342799356294
2	1.83250891270624
16	2.02118929906994
3	2.49276038902684
3	2.65513843481138
2	2.59217675739587
2	3.17724783625562
5	1.96848294855394
2	2.83314711191278
2	3.17666993266815
2	2.65321251377534
11	1.91907809237607
2	2.97451169273733
2	1.77815125038364
16	1.94939000664491
14	1.94939000664491
16	2.44090908206522
16	1.99122607569249
15	1.79934054945358
15	1.79934054945358
15	1.74036268949424
6	2.72672720902657
6	2.47856649559384
6	2.33445375115093
9	2.72591163229505
9	2.75815462196739
9	2.40654018043395
2	1.25527250510331
2	1.30102999566398
6	3.00774777800074
11	3.13065534902203
11	1.78532983501077
8	2.95568775031351
9	2.45636603312904
6	2.66651798055488
9	2.72591163229505
14	2.2405492482826
9	2.29446622616159
9	1.91381385238372
9	1.93951925261862
9	1.99122607569249
6	2.48287358360875
9	2.87794695162919
9	2.5092025223311
6	2.42651126136458
6	2.65321251377534
9	2.99078269180314
5	3.11193427633268
2	1.95424250943932
5	2.52891670027765
2	2.53019969820308
2	2.80955971463527
9	1.7160033436348
12	2.53781909507327
1	2.91222205653242
2	2.34635297445064
7	2.24303804868629
6	2.8998205024271
6	2.43933269383026
7	1.72427586960079
5	2.28103336724773
6	2.95904139232109
7	2.60205999132796
9	2.67024585307412
4	2.04139268515822
4	1.69019608002851
4	2.4996870826184
4	2.1430148002541
6	2.37657695705651
7	2.64933485871214
6	2.58658730467175
6	2.23044892137827
7	1.47712125471966
5	2.71516735784846
6	2.87794695162919
6	2.85430604180108
8	2.20682587603185
2	2.27646180417324
7	2.93500315145365
9	2.34830486304816
7	2.73399928653839
9	2.34635297445064
6	2.56702636615906
7	2.33645973384853
2	2.68574173860226
7	1.91381385238372
7	1.88649072517248
7	2.45178643552429
7	1.72427586960079
7	2.75891189239797
5	2.5854607295085
14	2.73639650227664
12	1.5910646070265
12	2.77742682238931
13	2.26951294421792
13	2.64738297011462
13	2.36361197989214
13	2.42651126136458
14	2.92220627743902
16	2.64738297011462
16	1.61278385671974
15	2.44404479591808
13	2.4814426285023
13	2.72591163229505
12	2.62013605497376
12	2.69019608002851
12	1.93951925261862
14	3.01953168453126
14	1.88649072517248
16	2.65991620006985
16	2.06069784035361
17	1.65321251377534
17	2.26007138798507
15	2.26007138798507
11	2.44090908206522
14	1.80617997398389
9	2.02938377768521
9	2.54157924394658
12	1.49136169383427
13	2.27875360095283
1	2.49276038902684
6	1.75587485567249
6	1.66275783168157
8	2.55630250076729
9	3.08600370561838
9	2.81888541459401
9	2.63548374681491
9	2.39619934709574
9	2.29003461136252
8	2.89376176205794
3	3.2674064187529
2	2.27415784926368
2	3.04218159451577
2	2.24551266781415
2	2.46089784275655
2	2.37291200297011
2	1.8750612633917
6	2.31806333496276
2	2.86805636182304
13	1.79934054945358
4	2.78887511577542
2	2.40483371661994
11	2.69019608002851
6	3.11594317693905
15	3.30835094858673
15	2.29225607135648
11	2.65127801399814
9	1.98227123303957
10	2.48429983934679
6	3.49982449583958
2	1.07918124604762
15	1.77085201164214
14	1.46239799789896
11	1.56820172406699
13	1.88649072517248
13	1.78532983501077
15	3.41564097989615
13	2.62531245096167
13	2.61489721603313
9	1.83884909073726
13	2.26717172840301
15	1.83884909073726
11	1.75587485567249
9	1.91381385238372
10	2.85064623518307
10	1.77085201164214
13	1.77815125038364
13	1.94448267215017
15	1.75587485567249
15	1.81954393554187
12	1.8750612633917
16	1.83884909073726
13	1.78532983501077
15	1.78532983501077
16	1.79934054945358
16	1.77815125038364
13	1.73239375982297
12	2.32837960343874
16	1.79239168949825
15	1.79239168949825
14	1.96378782734556
13	1.76342799356294
12	2.2405492482826
10	2.16435285578444
14	1.83884909073726
17	1.83250891270624
17	1.83250891270624
12	1.73239375982297
16	1.83250891270624
15	1.93449845124357
16	1.54406804435028
13	1.81954393554187
16	1.82607480270083
16	1.73239375982297
15	1.95424250943932
13	1.80617997398389
12	1.70757017609794
6	2.63648789635337
11	2.04921802267018
15	1.83884909073726
13	1.76342799356294
14	1.79934054945358
12	1.82607480270083
16	2.30535136944662
16	2.31806333496276
13	2.36361197989214
17	1.80617997398389
15	1.72427586960079
11	2.06818586174616
17	1.72427586960079
17	1.65321251377534
17	1.79239168949825
17	1.65321251377534
16	1.47712125471966
15	1.67209785793572
16	1.90308998699194
15	1.47712125471966
16	1.41497334797082
16	1.39794000867204
17	1.34242268082221
17	1.89762709129044
12	1.7481880270062
16	1.60205999132796
16	1.61278385671974
17	1.68124123737559
16	1.65321251377534
11	1.7481880270062
11	1.76342799356294
16	1.14612803567824
16	1.7481880270062
14	1.72427586960079
13	1.7481880270062
12	1.77815125038364
16	1.69897000433602
16	1.94448267215017
17	1.7481880270062
17	1.74036268949424
16	1.70757017609794
17	1.49136169383427
16	1.51851393987789
16	1.69019608002851
15	1.53147891704226
11	1.47712125471966
16	1.76342799356294
16	1.39794000867204
16	1.49136169383427
17	1.69897000433602
16	1.75587485567249
15	1.25527250510331
16	1.53147891704226
16	1.36172783601759
16	
14	1.25527250510331
16	1.38021124171161
14	2.44715803134222
14	1.41497334797082
13	
15	1.73239375982297
15	1.82607480270083
16	1.75587485567249
17	1.76342799356294
16	1.75587485567249
17	1.69019608002851
17	1.75587485567249
17	1.76342799356294
17	1.75587485567249
16	1.75587485567249
16	1.76342799356294
17	1.75587485567249
15	1.53147891704226
17	1.39794000867204
17	1.57978359661681
16	1.64345267648619
15	1.89209460269048
6	1.81954393554187
16	1.70757017609794
14	1.41497334797082
17	1.44715803134222
16	1.43136376415899
12	1.78532983501077
13	1.73239375982297
16	
15	0.845098040014257
17	1.72427586960079
6	1.53147891704226
16	1.5910646070265
17	1.5910646070265
8	2.20139712432045
12	1.94939000664491
4	2.86628733908419
2	1.69019608002851
6	2.83695673705955
9	1.79239168949825
1	2.44090908206522
6	2.58658730467175
11	2.44247976906445
1	1.89762709129044
1	2.52113808370404
9	2.50650503240487
5	1.70757017609794
6	2.68033551341456
12	2.57518784492766
5	2.68574173860226
15	1.73239375982297
2	2.2380461031288
1	1.81291335664286
9	2.52374646681156
8	2.56348108539441
15	2.45939248775923
14	2.55990662503611
13	1.66275783168157
6	1.88649072517248
6	2.60205999132796
5	2.36361197989214
6	2.61278385671974
9	1.82607480270083
4	2.75434833571102
5	2.26245108973043
9	2.5910646070265
9	1.94939000664491
6	2.73559889969818
4	2.06069784035361
6	1.61278385671974
6	2.29225607135648
9	2.29225607135648
10	2.60205999132796
4	2.69460519893357
5	1.86332286012046
2	2.11394335230684
4	2.55022835305509
2	2.53529412004277
2	2.83821922190763
2	2.48000694295715
1	2.42813479402879
6	2.03342375548695
10	1.46239799789896
2	2.58092497567562
2	3.00216606175651
8	2.73158876518674
9	2.50105926221775
4	2.66651798055488
5	3.06370855939142
1	2.55388302664387
9	2.42160392686983
3	2.6170003411209
10	2.56348108539441
11	2.85853719756964
6	2.59879050676312
9	2.64836001098093
12	2.58319877396862
9	2.78746047451842
13	3.23904909314019
15	1.54406804435028
3	2.76417613239033
9	2.81157500587059
9	2.65991620006985
7	2.78675142214556
9	2.79588001734408
2	2.67669360962487
17	2.67760695272049
16	1.85125834871908
17	1.86332286012046
17	2.23552844690755
17	1.86332286012046
11	1.73239375982297
16	1.85125834871908
16	
16	
16	1.88081359228079
16	1.83884909073726
14	1.80617997398389
16	2.40823996531185
11	2.33645973384853
14	2.24797326636181
2	2.34242268082221
2	2.1846914308176
3	1.96848294855394
16	1.77815125038364
15	1.7481880270062
14	1.74036268949424
11	1.47712125471966
14	2.3747483460101
14	2.12385164096709
14	2.49554433754645
13	1.11394335230684
11	2.77378644498119
6	2.48000694295715
2	2.74429298312268
6	2.39093510710338
2	1.17609125905568
1	2.71933128698373
5	2.79518458968242
6	2.20411998265592
8	2.09342168516224
1	2.55266821611219
15	2.91645394854992
15	1.99122607569249
1	2.52244423350632
14	2.14921911265538
1	1.77815125038364
7	1.86923171973098
7	2.2718416065365
9	3.09377178149873
9	1.97772360528885
14	2.03342375548695
9	1.43136376415899
8	2.5327543789925
9	3.07518185461869
7	1.90308998699194
15	2.38560627359831
2	2.90036712865647
14	2.0899051114394
10	2.02118929906994
9	2.59879050676312
9	1.14612803567824
9	1.34242268082221
2	1.68124123737559
2	2.8109042806687
6	2.40140054078154
2	1.51851393987789
9	1.75587485567249
9	2.26717172840301
3	2.13987908640124
2	2.31386722036915
6	2.89542254603941
2	2.49692964807321
15	2.2148438480477
6	2.10037054511756
9	1.82607480270083
16	1.65321251377534
16	2.42488163663107
16	1.69019608002851
9	2.50105926221775
9	1.72427586960079
8	2.42160392686983
6	2.6730209071289
15	1.43136376415899
6	2.7160033436348
6	3.16672605558005
17	1.83884909073726
8	2.58433122436753
7	3.07700432679335
9	2.40312052117582
9	2.42160392686983
11	2.7160033436348
2	2.61804809671209
6	2.68841982200271
9	2.45178643552429
1	1.60205999132796
13	1
5	1.77085201164214
4	2.09342168516224
5	2.79448804665917
6	2.48572142648158
6	2.60852603357719
1	1.60205999132796
6	2.85913829729453
9	2.66651798055488
9	2.42488163663107
8	2.57170883180869
9	2.94398887507377
6	2.82216807936802
6	2.92531209149965
1	2.05690485133647
11	1.80617997398389
9	2.58319877396862
1	2.6232492903979
4	2.51851393987789
2	3.48444220764241
16	2.40483371661994
16	2.7701152947871
16	1.88081359228079
16	2.16731733474818
17	2.04532297878666
16	2.76715586608218
16	2.66558099101795
16	2.27875360095283
16	2.55630250076729
16	2.26481782300954
7	1.79239168949825
9	3.10380372095596
9	2.78958071216443
9	2.74507479158206
2	2.6170003411209
8	2.42488163663107
6	2.55509444857832
2	2.50650503240487
6	2.80345711564841
6	1.8750612633917
6	2.45178643552429
4	2.36921585741014
6	2.5705429398819
5	2.32633586092875
6	1.90848501887865
4	1.23044892137827
8	2.77597433112937
4	3.06855689507236
5	2.39445168082622
10	2.30749603791321
2	2.62531245096167
5	2.76863810124761
16	2.05307844348342
9	2.99431715266964
9	2.06818586174616
15	2.49692964807321
14	1.91907809237607
12	2.22271647114758
2	1.97772360528885
1	2.68574173860226
1	1.32221929473392
6	2.67024585307412
9	2.52891670027765
5	1.95424250943932
8	2.25285303097989
6	1.68124123737559
4	2.67024585307412
6	2.40483371661994
3	1.32221929473392
10	2.35793484700045
2	2.39445168082622
6	1.38021124171161
6	2.50785587169583
2	2.6730209071289
2	2.58994960132571
6	2.32633586092875
1	2.72427586960079
2	2.22788670461367
4	2.79309160017658
5	2.92479599579791
8	2.94743372188705
2	1.41497334797082
11	2.68124123737559
10	2.16136800223497
5	2.71264970162721
7	2.79028516403324
6	2.71850168886727
5	2.56584781867352
9	2.31806333496276
6	1.99122607569249
9	2.32014628611105
9	2.4996870826184
10	2.54282542695918
9	2.58319877396862
6	2.71767050300226
4	2.54282542695918
5	2.8109042806687
6	2.40654018043395
17	
17	
17	
15	
16	
16	
16	
15	
17	
16	
14	
14	
2	2.71011736511182
1	1.94939000664491
9	3.22193559982801
5	2.61066016308988
6	2.85793526471943
9	2.63144376901317
2	2.68752896121463
9	2.90036712865647
9	2.67760695272049
6	2.65321251377534
9	1.97772360528885
16	1.78532983501077
6	2.75204844781944
9	2.95999483832842
5	2.32014628611105
6	2.78461729263288
9	2.44870631990508
6	3.21085336531489
2	2.6414741105041
2	2.04139268515822
2	1.72427586960079
9	1.98227123303957
6	2.91169015875386
3	2.59439255037543
2	2.48995847942483
2	2.27875360095283
9	2.38381536598043
2	2.74663419893758
9	2.55990662503611
2	2.37106786227174
8	2.53019969820308
2	3.18298496700358
6	2.51587384371168
6	1.74036268949424
6	1.72427586960079
9	1.46239799789896
13	2.43616264704076
9	2.29225607135648
9	2.76566855475901
9	3.07845681805329
9	2.83314711191278
6	3.3859635706007
6	1.36172783601759
5	1.83884909073726
9	2.64542226934909
6	2.78887511577542
6	2.32014628611105
4	2.46239799789896
9	2.02938377768521
9	1.38021124171161
9	2.88309335857569
6	2.68304703823885
9	2.75127910398334
9	2.53019969820308
6	2.55750720190566
6	2.45788189673399
6	2.13033376849501
4	3.29490691060519
8	2.65896484266443
6	2.41995574848976
4	2.09342168516224
5	2.52633927738984
6	2.74585519517373
5	1
6	1.94939000664491
4	2.41497334797082
1	2.80685802951882
6	1.83884909073726
8	2.39794000867204
6	2.67209785793572
5	1.64345267648619
2	2.05307844348342
9	2.68841982200271
7	2.43296929087441
9	1.95424250943932
8	2.26007138798507
3	2.67942789661212
2	2.67942789661212
9	2.12385164096709
11	2.81888541459401
10	2.03342375548695
6	2.48572142648158
6	2.44090908206522
11	
9	2.46686762035411
2	1.69897000433602
2	2.10720996964787
6	2.38560627359831
2	2.6414741105041
10	2.70500795933334
14	3.19700472802305
14	3.19506899646859
11	3.19589965240923
6	2.61278385671974
9	2.42813479402879
9	3.04805317311561
9	2.40993312333129
9	2.79588001734408
2	1.5910646070265
9	3.21774707326279
6	2.71683772329952
9	2.65321251377534
2	2.85247999363686
11	2.55144999797287
4	1.34242268082221
4	3.12385164096709
7	2.72181061521255
2	3.29314148345093
6	2.47275644931721
6	2.69897000433602
1	2.56584781867352
3	2.04532297878666
4	2.31386722036915
2	2.80955971463527
10	2.68033551341456
9	1.81291335664286
4	2.6222140229663
1	3.15320490008428
3	2.23552844690755
5	2.10720996964787
4	2.74896286125616
5	2.49692964807321
2	1.61278385671974
9	2.30749603791321
9	1.53147891704226
5	2.71850168886727
9	2.91222205653242
8	2.31597034545692
8	2.6954816764902
9	2.67209785793572
5	2.94890176097021
2	2.74429298312268
10	2.49276038902684
6	2.78746047451842
4	1.90848501887865
8	2.28330122870355
1	2.59879050676312
4	2.67394199863409
5	2.13033376849501
5	2.88479536394898
6	3.34498141392726
6	3.01953168453126
9	2.37291200297011
9	2.03742649794062
9	2.81954393554187
2	2.65991620006985
7	2.73878055848437
8	2.61804809671209
4	3.04139268515822
6	2.58206336291171
6	2.92531209149965
16	2.94250410616808
5	2.77742682238931
2	1.46239799789896
2	2.54900326202579
4	2.22010808804006
8	1.5910646070265
2	2.5092025223311
2	2.29225607135648
2	2.69284691927723
2	2.35602585719312
2	1.64345267648619
2	1.96378782734556
2	2.69722934275972
2	2.85672889038288
2	2.42324587393681
2	3.1846914308176
11	2.55750720190566
11	1.43136376415899
9	3.11461098423217
9	2.80002935924413
1	2.65417654187796
11	2.46538285144842
9	2.41161970596323
1	2.16136800223497
10	1
9	3.23678909940929
8	2.5705429398819
9	2.63748972951251
9	2.60205999132796
9	2.45178643552429
10	2.63042787502502
8	1.98227123303957
14	2.75434833571102
6	2.25042000230889
3	2.14612803567824
2	2.76417613239033
15	2.69019608002851
2	2.6570558528571
6	2.07188200730613
9	1.96848294855394
9	2.84260923961056
9	2.90417436828416
9	2.45788189673399
10	1.65321251377534
15	
6	2.41664050733828
9	2.23044892137827
10	1.36172783601759
11	2.60530504614111
12	2.98900461569854
12	2.84135947045485
11	2.4456042032736
14	0.903089986991943
11	1.61278385671974
13	2.36921585741014
12	2.62013605497376
9	2.54654266347813
11	2.05690485133647
11	1.70757017609794
2	2.73479982958885
13	2.50105926221775
7	2.31597034545692
9	2.86332286012046
9	2.43775056282039
11	2.58771096501891
8	2.70329137811866
14	1.90848501887865
10	1.56820172406699
14	3.0884904701824
13	2.42488163663107
9	2.70156798505593
9	2.32633586092875
14	2.40140054078154
1	2.51587384371168
1	2.19589965240923
2	1.20411998265592
2	2.75127910398334
3	1.51851393987789
2	2.33645973384853
4	1.88649072517248
5	2.80888586735981
6	2.4983105537896
5	2.32014628611105
9	3.01157044359728
6	2.80277372529198
9	2.26951294421792
6	1.44715803134222
17	2.26951294421792
12	2.45636603312904
15	2.54282542695918
2	2.49136169383427
2	2.81491318127507
2	2.01283722470517
9	2.55388302664387
9	3.48614699680657
9	3.14550717140966
5	2.10037054511756
4	2.76715586608218
5	3.09377178149873
6	2.94398887507377
6	2.70156798505593
9	2.4814426285023
8	2.07554696139253
11	2.66464197555613
2	2.74663419893758
2	2.09342168516224
6	2.32221929473392
4	2.55266821611219
6	2.42160392686983
8	2.9216864754836
8	2.51321760006794
9	2.58658730467175
6	2.52891670027765
7	2.43775056282039
9	3.00646604224923
9	2.26717172840301
16	2.34242268082221
16	
16	2.29885307640971
16	2.54900326202579
17	2.68394713075151
16	2.41161970596323
16	2.68124123737559
16	2.41161970596323
16	2.73957234445009
16	2.45788189673399
16	2.48287358360875
16	2.52633927738984
15	2.38916608436453
15	2.4456042032736
15	2.54654266347813
16	2.2718416065365
16	1.99122607569249
16	2.71264970162721
16	2.13353890837022
16	2.39269695325967
16	2.17318626841227
16	2.57170883180869
16	2.54157924394658
15	2.72181061521255
14	2.40140054078154
14	2.36735592102602
11	2.34439227368511
15	2.30749603791321
14	2.38560627359831
14	2.39445168082622
15	2.09691001300806
4	2.78532983501077
6	2.90145832139611
5	2.71516735784846
11	2.86628733908419
2	1.84509804001426
15	1.97772360528885
2	2.42160392686983
9	2.58319877396862
2	1.39794000867204
9	1.92941892571429
9	2.60745502321467
8	2.36172783601759
7	2.13987908640124
8	1.14612803567824
5	2.31386722036915
6	2.79028516403324
9	2.46389298898591
9	3.11394335230684
7	2.9329808219232
9	2.80071707828238
11	2.8318697742805
2	2.64542226934909
2	2.86628733908419
1	2.15533603746506
2	3.00302947055362
2	2.69108149212297
2	2.91960102378411
2	1.61278385671974
2	1.34242268082221
1	1.46239799789896
1	3.09236969962912
6	2.90955602924118
1	2.76192783842053
1	2.52633927738984
6	2.51054501020661
9	2.52244423350632
1	3.28824922557199
1	2.17897694729317
9	1.53147891704226
6	2.5705429398819
2	2.17897694729317
2	3.03100428136354
16	2.18752072083646
2	1.95424250943932
9	2.37106786227174
10	2.7041505168398
2	2.63948648926859
2	2.39269695325967
2	2.39619934709574
2	1.76342799356294
5	2.80140371001735
2	2.61909333062674
4	2.00860017176192
5	1.39794000867204
6	2.78247262416629
9	3.21112054125805
9	2.71432975974523
8	2.50242711998443
9	2.38560627359831
5	2.39269695325967
11	2.83632411570675
6	2.7701152947871
6	2.53529412004277
6	2.31175386105575
4	2.55266821611219
6	2.56110138364906
2	2.45636603312904
8	2.82412583391655
9	2.65224634100332
9	2.55990662503611
4	1.99122607569249
4	1.96378782734556
6	2.49692964807321
7	2.82542611776782
9	1.67209785793572
9	2.78958071216443
9	2.65609820201283
6	2.01703333929878
8	2.21218760440396
6	2.66931688056611
2	2.38021124171161
2	3.02366391819779
2	2.00432137378264
2	2.31597034545692
2	2.18752072083646
2	2.60852603357719
2	2.07554696139253
1	2.20682587603185
2	3.05461305455689
9	3.01157044359728
8	2.98407703390283
6	2.58658730467175
2	2.68033551341456
9	2.51851393987789
9	1.41497334797082
6	2.19589965240923
2	2.53907609879278
4	2.74741180788642
6	2.51188336097887
2	2.77524625974024
7	2.85793526471943
9	2.64246452024212
2	1.89209460269048
2	2.54406804435028
2	2.59988307207369
11	3.73973052856472
1	2.60314437262018
6	2.30102999566398
6	2.57749179983723
2	2.83695673705955
1	2.76267856372744
9	2.5705429398819
1	1.56820172406699
9	2.16731733474818
8	2.73639650227664
8	1.83884909073726
10	2.58994960132571
16	1.73239375982297
5	2.65513843481138
6	1.50514997831991
6	1.76342799356294
4	2.45331834004704
9	2.51188336097887
9	2.57749179983723
5	2.78031731214015
1	2.37106786227174
1	2.65991620006985
1	2.8842287696326
9	2.74429298312268
6	1.53147891704226
7	2.67577834167408
6	1.56820172406699
2	1.49136169383427
9	2.6232492903979
6	2.6232492903979
9	2.5092025223311
7	1.20411998265592
11	2.64048143697042
5	2.04139268515822
9	2.71264970162721
15	2.40140054078154
15	2.41664050733828
10	2.53907609879278
9	3.18127177155946
2	2.65030752313194
9	2.45178643552429
12	1.85733249643127
1	2.57634135020579
1	2.68033551341456
9	3.26528962586083
9	3.05307844348342
2	2.94987770403687
2	2.37106786227174
2	1.97772360528885
9	1.80617997398389
2	2.80617997398389
9	2.78958071216443
6	2.51454775266029
2	2.73078227566639
2	2.07188200730613
6	2.31386722036915
6	2.04921802267018
5	2.62940959910272
5	2.34635297445064
9	1.46239799789896
1	1.69897000433602
5	2.7427251313047
1	2.8926510338773
1	2.63245729218472
12	2.47421626407626
1	2.87098881376058
12	1.51851393987789
6	2.5854607295085
4	2.58092497567562
6	2.4983105537896
9	2.24797326636181
9	2.31806333496276
3	2.41664050733828
2	2.48855071650044
6	2.77378644498119
2	2.32014628611105
1	1.99563519459755
2	1.89209460269048
1	2.97634997900327
2	2.63447727016073
8	2.62117628177504
2	2.41329976408125
4	2.23299611039215
9	2.10380372095596
5	2.38201704257487
2	2.57634135020579
5	2.32837960343874
6	2.71767050300226
2	2.71516735784846
2	2.54282542695918
1	2.72672720902657
4	2.64836001098093
9	2.1430148002541
6	2.81157500587059
11	2.70156798505593
9	3.03019478535675
9	2.90794852161227
1	2.76566855475901
4	2.37291200297011
1	2.35793484700045
6	2.13353890837022
4	2.48429983934679
6	2.22010808804006
2	2.2718416065365
2	2.04532297878666
1	1.98677173426624
1	2.38201704257487
1	2.55509444857832
9	2.66275783168157
9	2.8494194137969
6	3.17055505852121
9	2.62531245096167
1	2.57170883180869
6	2.32221929473392
3	1.80617997398389
6	1.79239168949825
4	2.32633586092875
5	2.72672720902657
6	1.86332286012046
6	2.74973631556906
6	2.11394335230684
4	2.51321760006794
4	2.68752896121463
3	2.4345689040342
5	2.31597034545692
5	1.55630250076729
5	2.09691001300806
2	2.76492298464989
6	1.72427586960079
8	2.59549622182557
5	1.36172783601759
6	2.2148438480477
2	2.43616264704076
6	2.29225607135648
2	1.72427586960079
2	2.59439255037543
4	2.51851393987789
2	1.68124123737559
8	2.38916608436453
9	2.79865064544527
6	2.81358098856819
9	2.74896286125616
13	1.66275783168157
1	2.4456042032736
1	2.38021124171161
3	3.88761730033574
6	2.04921802267018
5	2.90579588036787
6	2.65127801399814
4	2.29885307640971
11	2.28555730900777
4	2.8992731873176
6	3.03462845662532
9	2.64933485871214
6	2.53907609879278
9	2.58883172559421
6	2.44870631990508
7	1
9	1.66275783168157
6	3.01494034979294
11	2.57749179983723
6	2.33041377334919
11	1.25527250510331
11	2.1430148002541
1	2.35983548233989
6	2.59769518592551
1	1.51851393987789
1	1.23044892137827
2	2.81954393554187
6	2.23552844690755
6	2.97358962342726
2	1.55630250076729
2	
2	2.15533603746506
1	2.66086547800387
6	2.11727129565576
1	2.68033551341456
9	2.47129171105894
2	2.55870857053317
7	2.73719264270474
8	2.70070371714502
2	2.78175537465247
6	1.88649072517248
2	1.56820172406699
2	2.06069784035361
17	2.06069784035361
6	2.72916478969277
6	2.90254677931399
2	2.66931688056611
1	
13	
2	2.55388302664387
2	2.56466606425209
9	2.66931688056611
6	2.6170003411209
9	2.55750720190566
6	2.42651126136458
2	2.08278537031645
9	1.8750612633917
10	2.68304703823885
9	2.79098847508882
11	2.48995847942483
9	2.68394713075151
6	3.08062648692181
7	2.75739602879302
6	2.23299611039215
3	2.75050839485135
4	2.59769518592551
1	2.72835378202123
2	3.05576046468773
2	2.42651126136458
1	2.58994960132571
1	1.20411998265592
1	2.42160392686983
2	2.28330122870355
4	2.5910646070265
6	2.38916608436453
2	2.76417613239033
1	1.89209460269048
9	2.3654879848909
13	2.37106786227174
14	1.95424250943932
9	1.82607480270083
2	2.87563993700417
2	2.67209785793572
9	2.73798732633343
4	2.56110138364906
4	2.94792361983173
3	3.08098704691089
6	2.52113808370404
8	2.79657433321043
1	3.18497519069826
9	2.26245108973043
10	1.81954393554187
6	2.15533603746506
1	2.40140054078154
8	2.62531245096167
11	2.86451108105839
6	2.2380461031288
4	2.89872518158949
15	3.08671566394488
4	2.46389298898591
9	2.66464197555613
6	2.55022835305509
9	
5	2.24551266781415
6	2.36361197989214
16	2.14921911265538
2	1.51851393987789
6	1.6232492903979
7	2.61384182187607
6	3.50826030551233
7	2.74896286125616
6	2.71180722904119
6	2.78958071216443
9	2.17026171539496
6	1.56820172406699
6	2.52633927738984
9	1.51851393987789
6	2.21748394421391
1	2.6730209071289
8	2.13672056715641
11	2.12057393120585
6	2.38738982633873
2	2.5705429398819
2	2.81424759573192
1	2.05690485133647
1	1.64345267648619
1	1.90308998699194
6	2.83821922190763
16	
5	2.94051648493257
2	1.54406804435028
6	2.66181268553726
10	2.06818586174616
5	1.88649072517248
6	2.51851393987789
11	1.80617997398389
6	2.6170003411209
2	2.94792361983173
3	2.68663626926229
6	2.38916608436453
2	2.80482067872116
2	2.6222140229663
6	1.76342799356294
14	2.03742649794062
4	2.69284691927723
6	2.63648789635337
9	2.60852603357719
9	2.43933269383026
2	2.17026171539496
6	2.55990662503611
2	2.96094619573383
6	2.42160392686983
9	2.54777470538782
8	2.61489721603313
6	2.41161970596323
8	2.69284691927723
9	2.21218760440396
6	2.45636603312904
9	2.55630250076729
11	1.76342799356294
6	
9	2.59439255037543
2	2.61384182187607
4	1.72427586960079
4	3.14550717140966
6	1.70757017609794
1	1.47712125471966
1	2
4	2.21218760440396
1	2.35983548233989
1	2.29003461136252
1	2.78675142214556
1	2.27415784926368
3	2.52891670027765
13	1.83250891270624
15	1.56820172406699
9	1.7160033436348
14	1.65321251377534
5	2.38381536598043
9	2.77597433112937
9	2.44247976906445
9	2.3654879848909
6	2.13353890837022
6	2.83569057149243
8	1.11394335230684
6	
9	1.7481880270062
7	1.69019608002851
6	2.93247376467715
14	2.67942789661212
13	1.74036268949424
9	2.51851393987789
16	1.79934054945358
2	1.67209785793572
13	2.3324384599156
9	1.27875360095283
9	2.50379068305718
9	2.66181268553726
2	2.35218251811136
5	2.42488163663107
9	3.08386080086657
2	2.00860017176192
2	2.29225607135648
14	2.35602585719312
2	2.21748394421391
6	2.59328606702046
9	2.58319877396862
14	2.68574173860226
2	2.31175386105575
2	2.56584781867352
3	2.34830486304816
2	2.75281643118827
2	2.66086547800387
11	2.59328606702046
2	1.63346845557959
1	2.52633927738984
1	2.82994669594164
1	1.39794000867204
12	2.35983548233989
2	2.10720996964787
2	2.88817949391833
2	2.26007138798507
2	2.53529412004277
2	3.05576046468773
2	2.8561244442423
2	2.73639650227664
2	2.59217675739587
11	1.8750612633917
5	3.13481437032046
9	1.83250891270624
11	2.38560627359831
14	2.64048143697042
6	2.2405492482826
2	2.57863920996807
2	2.23299611039215
2	2.26481782300954
2	1.81291335664286
2	
5	2.03342375548695
6	2.40140054078154
2	3.31048089146267
4	2.48429983934679
2	2.35793484700045
2	2.13672056715641
12	2.13987908640124
2	2.51851393987789
2	2.52374646681156
6	1.79239168949825
1	2.36361197989214
2	2.93801909747621
3	2.20951501454263
6	1.95424250943932
9	2.50514997831991
1	2.69810054562339
9	1.49136169383427
9	1.74036268949424
1	2.24797326636181
9	2.59439255037543
4	2.9216864754836
6	2.41664050733828
9	2.3747483460101
6	
5	
3	2.55022835305509
2	2.81822589361396
2	2.70243053644553
1	2.63648789635337
1	2.96142109406645
6	2.15836249209525
4	1.80617997398389
9	2.75434833571102
9	2.23044892137827
9	2.58319877396862
9	1.85125834871908
13	2.32633586092875
10	2.2718416065365
9	2.07554696139253
2	2.85308952985187
7	2.07188200730613
8	3.00817418400643
7	2.37657695705651
15	2.81491318127507
16	2.37291200297011
6	1.70757017609794
16	
16	2.52891670027765
13	2.34242268082221
13	
16	2.3384564936046
14	2.09342168516224
16	2.55750720190566
17	2.6232492903979
1	1.82607480270083
14	2.49692964807321
1	2.41161970596323
11	2.41497334797082
2	2.3747483460101
12	2.69019608002851
12	1.90848501887865
11	2.85793526471943
13	2.03342375548695
12	1.99563519459755
6	1.27875360095283
6	2.65609820201283
1	1.9731278535997
1	2.48855071650044
5	2.10380372095596
2	1.63346845557959
6	2.4983105537896
6	1.64345267648619
6	2.08278537031645
6	2.49692964807321
6	1.75587485567249
1	1.88081359228079
6	2.38738982633873
4	1.92941892571429
2	2.6730209071289
6	2.58319877396862
6	2.36172783601759
6	1.04139268515822
3	1.78532983501077
11	2.13353890837022
11	2.83632411570675
6	2.22530928172586
6	0.954242509439325
6	1.6232492903979
2	2.40823996531185
6	1
4	2.03342375548695
6	2.13987908640124
2	1.85733249643127
4	1
4	2.20682587603185
2	1.11394335230684
6	2.32014628611105
7	3.13065534902203
6	1.55630250076729
11	1.41497334797082
8	2.66181268553726
6	2.56466606425209
6	1.43136376415899
6	1.27875360095283
6	3.0696680969116
6	1.81291335664286
6	1.23044892137827
4	1.07918124604762
8	2.42324587393681
2	2.67209785793572
1	1.23044892137827
6	2.03742649794062
2	2.32428245529769
8	2.19589965240923
6	1.97772360528885
6	2.65030752313194
4	2.80208925788173
4	2.51982799377572
4	2.58771096501891
5	2.16136800223497
6	1.23044892137827
6	2.86033800657099
6	2.22271647114758
6	1.20411998265592
9	1.73239375982297
6	2.20682587603185
6	1.49136169383427
6	1.34242268082221
6	
6	3.01452053875792
3	2.0899051114394
2	2.61804809671209
4	1.38021124171161
1	2.60097289568675
2	2.1430148002541
2	1.49136169383427
11	2.73158876518674
13	2.04532297878666
13	2.37839790094814
13	2.74663419893758
14	2.75204844781944
11	2.34242268082221
13	1.93951925261862
15	2.62013605497376
13	2.35983548233989
15	2.79169064902012
13	2.01283722470517
16	2.78746047451842
15	2.22530928172586
14	2.28555730900777
13	2.21748394421391
9	2.92582757462474
9	3.16076856186113
6	2.57634135020579
15	0.845098040014257
6	3.15503222879097
11	2.36921585741014
9	1.77085201164214
2	2.1430148002541
2	1.88081359228079
2	2.01703333929878
2	2.83250891270624
6	1.86332286012046
4	2.34242268082221
8	2.80753502806885
6	3.08707120590654
6	2.88366143515362
9	2.62013605497376
9	2.65224634100332
2	2.49276038902684
9	2.16731733474818
6	2.57403126772772
10	2.55144999797287
1	2.79518458968242
1	1.47712125471966
1	2.67851837904011
8	1.81954393554187
7	2.89376176205794
6	2.42160392686983
5	2.12385164096709
2	2.67486114073781
8	2.37106786227174
9	1.89209460269048
16	1.86332286012046
16	2.57634135020579
17	1.83884909073726
16	1.86332286012046
16	1.85125834871908
16	1.85733249643127
15	1.79934054945358
16	1.7481880270062
5	3.20628604441243
9	2.87157293554588
5	2.82607480270083
8	1.7160033436348
4	2.52374646681156
4	2.15228834438306
9	2.83695673705955
11	2.69019608002851
8	2.5092025223311
8	2.80617997398389
9	3.31576049066573
6	2.32014628611105
6	1.97772360528885
8	2.05307844348342
6	2.71432975974523
2	1.41497334797082
2	2.40993312333129
9	2.11727129565576
9	3.19920647916166
9	2.5910646070265
1	2.00860017176192
1	1.54406804435028
1	2.36735592102602
1	3.1092409685882
1	2.42160392686983
2	3.16136800223497
2	1.41497334797082
6	2.78532983501077
1	2.86746748785905
7	2.37106786227174
2	2.63648789635337
2	2.4814426285023
5	2.53655844257153
9	2.3654879848909
6	2.17318626841227
6	2.17897694729317
2	2.89707700320942
9	2.79239168949825
5	2.36361197989214
3	2.41995574848976
9	1.77085201164214
5	1.94939000664491
4	2.47129171105894
4	2.30535136944662
4	1.8750612633917
1	2.44247976906445
2	2.51719589794997
6	2.20139712432045
1	2.73639650227664
1	2.67209785793572
1	1.38021124171161
16	
17	
17	
16	
16	
16	
16	
16	
17	
7	2.71432975974523
6	2.70329137811866
8	2.51188336097887
6	2.67577834167408
5	2.04139268515822
1	2.37106786227174
4	2.07918124604762
16	1.76342799356294
9	1.5910646070265
8	2.42813479402879
1	1.80617997398389
12	
1	3.2417954312952
1	2.36735592102602
1	1.95904139232109
2	2.66275783168157
2	1.67209785793572
9	1.76342799356294
11	1.79934054945358
16	2.45939248775923
16	1.82607480270083
2	2.10380372095596
2	2.71432975974523
6	2.10037054511756
2	3.05307844348342
9	2.65896484266443
6	2.1846914308176
1	1.83250891270624
2	2.9566485792052
2	2.42324587393681
14	3.01072386539177
14	2.90308998699194
5	2.50242711998443
9	2.11058971029925
9	2.76417613239033
6	2.22010808804006
9	3.19645254170339
9	2.71096311899528
8	2.61384182187607
8	2.55022835305509
9	2.31386722036915
2	1.79239168949825
7	2.65896484266443
9	2.42324587393681
6	3.07371835034612
9	1.79239168949825
7	1.74036268949424
6	1.85125834871908
15	1.30102999566398
9	2.68394713075151
6	2.49276038902684
9	0.778151250383644
6	1.44715803134222
3	2.06445798922692
16	2.80821097292422
9	2.18184358794477
9	1.93449845124357
14	1.9731278535997
2	2.72263392253381
2	2.36921585741014
2	2.2148438480477
12	2.09691001300806
10	2.55990662503611
13	2.42975228000241
2	1.94448267215017
13	2.04532297878666
2	1.82607480270083
14	2.02118929906994
2	2.67760695272049
15	1.97772360528885
2	2.33041377334919
2	2.12057393120585
6	2.25042000230889
16	2.47275644931721
2	2.58319877396862
2	2.54157924394658
6	2.50785587169583
3	2.24303804868629
3	3.4020893505721
13	2.67669360962487
2	1.95904139232109
6	2.3747483460101
6	3.7008767083769
10	2.43616264704076
6	2.50514997831991
2	2.47567118832443
6	2.12710479836481
3	2.79379038469082
6	2.36921585741014
4	2.41830129131975
9	2.41329976408125
6	2.99651167215418
2	2.53781909507327
2	2.60097289568675
2	2.53147891704225
2	2.73559889969818
2	2.56937390961505
2	2.12385164096709
2	2.10380372095596
4	2.3096301674259
5	2.15533603746506
4	2.54900326202579
3	2.65321251377534
2	2.54032947479087
3	2.54157924394658
6	2.80482067872116
9	1.88649072517248
9	2.47567118832443
9	2.32633586092875
4	2.14612803567824
9	1.70757017609794
8	2.28780172993023
9	2.25767857486918
9	2.56937390961505
9	2.57634135020579
9	1.91381385238372
9	2.21748394421391
9	2.74429298312268
6	2.78031731214015
8	1.98227123303957
10	2.03742649794062
6	2.46389298898591
9	2.67117284271508
5	1.57978359661681
8	3.31111784266251
6	2.35218251811136
11	2.66931688056611
2	1.43136376415899
9	1.77085201164214
9	2.31806333496276
9	2.80208925788173
2	2.35983548233989
11	2.4814426285023
9	2.43136376415899
1	1.41497334797082
14	2.26481782300954
2	2.52113808370404
2	2.41830129131975
1	2.80277372529198
3	1.36172783601759
10	2.21748394421391
2	2.54530711646582
3	2.63447727016073
2	2.53655844257153
2	2.57170883180869
2	2.62428209583567
2	2.28330122870355
2	2.66745295288995
9	2.35983548233989
9	2.78604121024255
6	2.25042000230889
9	2.68033551341456
6	2.69722934275972
1	3.28712962071911
16	1.5910646070265
11	1.8750612633917
9	2.52374646681156
9	2.20411998265592
3	2.34635297445064
2	2.57170883180869
1	3.08671566394488
2	2.55144999797287
2	2.21218760440396
1	2.71180722904119
1	2.58994960132571
4	1.32221929473392
1	1.6232492903979
9	2.34044411484012
9	2.97451169273733
3	2.37106786227174
1	3.12352498094273
9	2.44247976906445
15	1.84509804001426
9	1.94448267215017
9	1.92941892571429
9	2.06069784035361
1	1.81954393554187
1	2.46982201597816
2	2.70586371228392
15	2.55509444857832
14	2.43775056282039
2	2.51321760006794
15	1.8750612633917
2	2.17897694729317
2	2.54654266347813
1	2.74663419893758
2	2.29666519026153
12	2.32014628611105
1	2.97173959088778
6	2.20139712432045
1	2.80482067872116
2	2.28330122870355
10	2.07554696139253
6	2.40823996531185
16	2.06445798922692
6	2.25285303097989
15	1.54406804435028
8	2.26717172840301
2	2.61804809671209
1	2.16435285578444
9	2.89209460269048
1	2.95904139232109
4	2.63245729218472
4	2.52762990087134
6	2.29225607135648
9	2.41497334797082
5	2.76715586608218
16	3.06258198422816
15	3.06445798922692
16	3.06107532362979
16	3.15775888604686
16	3.0884904701824
16	3.04883008652835
17	2.55630250076729
17	2.3384564936046
16	2.3384564936046
13	
15	2.98766626492627
4	2.66181268553726
2	2.72754125702856
4	2.19033169817029
9	2.05690485133647
2	2.25285303097989
2	2.7979596437372
2	1.99563519459755
6	2.29003461136252
2	2.46982201597816
2	2.05690485133647
2	2.33041377334919
2	2.70070371714502
9	1.27875360095283
2	2.63245729218472
9	1.32221929473392
7	2.43933269383026
4	2.61489721603313
6	2.51982799377572
5	2.63042787502502
2	2.88024177589548
2	2
9	2.57634135020579
9	2.27875360095283
5	2.60205999132796
2	2.70757017609794
2	2.63548374681491
10	1.95424250943932
9	2.87157293554588
8	2.69983772586725
9	2.36361197989214
8	2.35983548233989
8	2.6159500516564
6	3.41010207664286
5	2.54654266347813
8	2.91855453055027
9	2.67117284271508
14	1.60205999132796
11	2.42975228000241
15	2.45484486000851
10	2.23044892137827
2	2.41497334797082
2	1.90848501887865
7	1.54406804435028
2	2.13353890837022
2	2.91698004732038
4	2.78746047451842
6	2.29225607135648
6	2.43933269383026
14	1.94448267215017
6	2.73559889969818
1	1.91907809237607
6	2.59549622182557
2	2.93851972517649
2	3.01619735351244
2	2.24303804868629
2	2.70500795933334
6	2.84509804001426
4	2.75663610824585
6	2.41830129131975
6	3.25911584418507
7	1.90308998699194
7	1.91381385238372
2	1.83250891270624
2	2.70156798505593
2	1.79239168949825
9	2.28780172993023
6	1.98227123303957
6	2.42160392686983
2	2.84198480459011
4	1.23044892137827
3	2.00860017176192
1	2.02530586526477
8	2.49136169383427
2	2.63748972951251
4	1.89762709129044
2	2.48995847942483
6	1.95424250943932
1	1.79239168949825
1	3.02118929906994
1	2.34044411484012
6	1.93951925261862
8	2.89597473235906
9	2.48429983934679
6	3.05384642685225
9	1.50514997831991
9	2.09342168516224
6	1.81954393554187
6	2.17897694729317
6	1.93449845124357
9	3.30920417967041
15	2.08278537031645
1	2.40140054078154
1	2.65417654187796
2	1.79934054945358
2	1.47712125471966
7	1.91907809237607
5	1.04139268515822
2	2.39269695325967
1	3.01577875638904
11	1.81954393554187
7	2.30749603791321
4	2.54900326202579
5	2.43136376415899
9	2.85853719756964
6	2.55022835305509
2	2.94546858513182
2	1.61278385671974
2	2.54654266347813
3	2.47712125471966
5	2.81157500587059
2	2
6	2.71180722904119
1	1.65321251377534
8	1.98677173426624
6	2.6063813651106
6	2.59549622182557
4	2.79865064544527
7	2.7979596437372
6	1.90308998699194
9	2.87215627274829
2	2.55990662503611
2	2.17897694729317
6	3.11193427633268
4	2.30102999566398
9	2.14612803567824
1	2.3324384599156
2	2.62634036737504
5	2.68663626926229
6	2.2380461031288
6	2.64933485871214
2	1.83250891270624
9	1.66275783168157
11	2.65127801399814
8	1.38021124171161
6	2.65030752313194
9	2.15533603746506
6	2.19589965240923
9	2.84260923961056
6	2.52244423350632
1	2.19312459835446
11	
9	2.69019608002851
9	2.85186960072977
6	2.83442070368153
6	2.15836249209525
6	2.33645973384853
9	2.8819549713396
4	1.90848501887865
8	2.39967372148104
9	2.29666519026153
9	2.54282542695918
9	2.19033169817029
9	2.43775056282039
11	2.52504480703684
10	2.33041377334919
6	2.47567118832443
2	2.94694327069783
6	2.64933485871214
11	1.66275783168157
6	2.62531245096167
9	3.08206693428511
9	2.77670118398841
9	2.55990662503611
6	2.55266821611219
9	2.52891670027765
9	2.78318869107526
9	2.70757017609794
8	2.78958071216443
9	3.14207646107328
10	2.47856649559384
7	2.73479982958885
9	3.02978947083186
9	2.71850168886727
9	2.73078227566639
9	2.55990662503611
4	2.70926996097583
6	2.75050839485135
6	2.5854607295085
9	2.07554696139253
6	2.60097289568675
2	2.06445798922692
9	3.00302947055362
6	2.62736585659273
1	2.72263392253381
1	2.76566855475901
2	1.75587485567249
2	2.34439227368511
6	2.23552844690755
6	2.85793526471943
9	2.83122969386706
1	2.42975228000241
2	2.58658730467175
6	2.41995574848976
9	3.34752515999869
6	2.83884909073725
4	2.37106786227174
7	1.61278385671974
10	2.64542226934909
9	3.74390155048518
6	1.85125834871908
1	2.32633586092875
6	2.8208579894397
9	2.81157500587059
2	1.88649072517248
9	2.74663419893758
6	2.79865064544527
9	2.6730209071289
6	1.47712125471966
6	1.81291335664286
1	2.63042787502502
6	2.42324587393681
5	3.17580163284828
6	2.79657433321043
6	1.53147891704226
7	2.53655844257153
2	2.41830129131975
7	3.11327469246435
2	2.81424759573192
2	1.83250891270624
3	2.40823996531185
2	2.85430604180108
9	2.68930885912362
3	2.65030752313194
4	2.04139268515822
16	2.04921802267018
6	1.85733249643127
1	2.58206336291171
1	1.54406804435028
5	2.53147891704225
4	2.52633927738984
6	2.54654266347813
2	2.16435285578444
14	1.8750612633917
9	2.19865708695442
9	2.40823996531185
12	2.22010808804006
6	2.89097959698969
6	2.39093510710338
7	1.96378782734556
6	2.89486965674525
9	2.59659709562646
9	2.27875360095283
6	2.10380372095596
9	2.35793484700045
10	2.19865708695442
9	2.35218251811136
11	1.69019608002851
9	1.9731278535997
6	3.02694162795903
6	2.29885307640971
9	2.51188336097887
1	3.00860017176192
7	2.90308998699194
6	2.99166900737995
6	2.53655844257153
2	2.29446622616159
1	2.26245108973043
6	2.55388302664387
9	2.56820172406699
14	2.80413943233535
12	2.39269695325967
14	2.82930377283102
12	2.35983548233989
15	1.39794000867204
15	2.49554433754645
14	2.34044411484012
4	2.88649072517248
15	2.66275783168157
14	
11	2.21218760440396
15	2.68752896121463
14	1.85125834871908
14	1.44715803134222
9	2.90687353472207
8	2.61384182187607
6	2.87040390527903
2	2.65801139665711
1	2.51851393987789
16	2.24551266781415
2	2.55266821611219
2	1.79934054945358
2	2.68394713075151
2	2.49554433754645
4	2.5705429398819
6	2.71264970162721
9	2.69460519893357
2	2.15836249209525
2	2.13033376849501
2	2.69019608002851
1	2.86332286012046
3	2.66558099101795
3	2.51054501020661
10	0.845098040014257
2	2.5327543789925
2	1.99122607569249
9	2.02530586526477
6	1.92427928606188
6	2.22010808804006
14	2.10037054511756
4	3.03981055414835
2	2.94890176097021
2	1.32221929473392
2	1.20411998265592
10	
2	1.20411998265592
2	2.00432137378264
3	2.29666519026153
2	2.30319605742049
9	2.78887511577542
9	2.95808584852109
10	1.14612803567824
6	2.72015930340596
2	2.10037054511756
6	1.23044892137827
8	1.84509804001426
13	2.72754125702856
9	3.22010808804005
6	3.09725730969342
2	2.57403126772772
6	1.38021124171161
5	2.80955971463527
2	1.04139268515822
1	2.37106786227174
2	1.41497334797082
15	2.63144376901317
2	2.23552844690755
6	2.85003325768977
2	2.53907609879278
2	1.93951925261862
4	2.58883172559421
5	2.68930885912362
2	1.83250891270624
2	2.31386722036915
2	2.02118929906994
2	2.85186960072977
6	3.37419825792908
3	2.42160392686983
4	2.53781909507327
2	2.1430148002541
4	2.87966920563205
6	2.41830129131975
4	2.51719589794997
1	1.95424250943932
10	2.1430148002541
5	1.96848294855394
2	2.44404479591808
6	2.77597433112937
2	2.76117581315573
2	2.34242268082221
2	1.5910646070265
2	2.50379068305718
2	1.61278385671974
9	2.25527250510331
9	2.56820172406699
6	2.80208925788173
16	1.96848294855394
6	2.50379068305718
6	2.47421626407626
9	2.16136800223497
6	2.00860017176192
7	2.58206336291171
6	2.53147891704225
2	2.21218760440396
2	1.85125834871908
5	2.00860017176192
9	2.82801506422398
3	2.10720996964787
1	2.28555730900777
8	1
6	2.51587384371168
4	3.36153897126928
6	2.42813479402879
6	2.82412583391655
8	1.94448267215017
16	2.76937732607614
15	1.83884909073726
17	3.0265332645233
16	2.58883172559421
17	2.83632411570675
17	2.8494194137969
1	2.80955971463527
2	2.40654018043395
2	2.50514997831991
9	3.00646604224923
10	1.7481880270062
10	2.46538285144842
11	2.04921802267018
9	2.16731733474818
6	2.62428209583567
6	2.91275330367132
7	3.09898963940118
2	2.2405492482826
2	2.60530504614111
11	1.77815125038364
6	2.29003461136252
6	2.96331551138611
9	2.56110138364906
8	2.24797326636181
10	1.67209785793572
9	2.46239799789896
8	2.8318697742805
6	2.68304703823885
16	2.6954816764902
6	3.18241465243455
1	2.35983548233989
1	2.85247999363686
6	1.43136376415899
9	1.54406804435028
6	2.69460519893357
6	2.53402610605613
9	3.15350998930084
6	3.0927206446841
7	2.73319726510657
9	3.26458172923808
6	2.39445168082622
6	2.5854607295085
6	2.58771096501891
2	2.54900326202579
6	2.87157293554588
6	2.68841982200271
6	3.25575478664304
6	3.14798532068381
6	2.84447717574568
9	2.99738638439731
9	2.55990662503611
9	2.99782308074573
8	2.71683772329952
9	2.88536122003151
6	2.46686762035411
6	2.36921585741014
6	2.28330122870355
9	2.27415784926368
6	2.53529412004277
2	2.11727129565576
6	2.22788670461367
4	2.92012332629072
5	2.53147891704225
6	2.72015930340596
2	1.56820172406699
11	2.68033551341456
5	2.26717172840301
9	2.36172783601759
9	2.6730209071289
11	2.15533603746506
9	2.8992731873176
9	2.2148438480477
9	2.40993312333129
10	2.48713837547719
11	2.73399928653839
1	2.54654266347813
9	2.49692964807321
9	2.46834733041216
9	2.78887511577542
8	2.89817648349768
9	2.29003461136252
6	2.3747483460101
9	2.77597433112937
9	2.89376176205794
6	3.17666993266815
5	2.75891189239797
2	2.56820172406699
11	2.70243053644553
1	2.41664050733828
2	2.48000694295715
2	1.9731278535997
8	3.29907126002741
10	2.10380372095596
2	2.34635297445064
2	2.45024910831936
5	2.56702636615906
2	1.7160033436348
9	2.3654879848909
5	2.58994960132571
2	2.49415459401844
1	2.16731733474818
2	1.55630250076729
1	2.58433122436753
5	2.66931688056611
2	2.44090908206522
1	1.83884909073726
13	2.01703333929878
1	2.80685802951882
2	1.82607480270083
2	1.90308998699194
2	2.60314437262018
2	1.89209460269048
1	2.74507479158206
1	2.33445375115093
2	2.50514997831991
7	2.33645973384853
10	3.09760432887441
6	2.68033551341456
2	2.54282542695918
6	2.1430148002541
11	2.60745502321467
6	2.65801139665711
11	2.67760695272049
7	2.8561244442423
7	2.8228216453031
1	2
9	2.60852603357719
6	3.13065534902203
9	2.03742649794062
8	2.5705429398819
9	1.81954393554187
9	2.53907609879278
2	2.19312459835446
1	1.89209460269048
1	2.60314437262018
1	2.59879050676312
4	2.52374646681156
6	2.32014628611105
2	2.62013605497376
3	2.04532297878666
2	2.54900326202579
2	1.76342799356294
1	2.85186960072977
16	2.34242268082221
16	2.17026171539496
3	1.96848294855394
5	2.87966920563205
1	2.01283722470517
1	1.32221929473392
4	1.8750612633917
6	2.21748394421391
6	1.04139268515822
6	2.07554696139253
4	2.14612803567824
1	2.46982201597816
2	2.23552844690755
2	2.57403126772772
2	2.48713837547719
1	2.64048143697042
2	1.95904139232109
1	1.41497334797082
1	2.52244423350632
2	2.72181061521255
5	1.54406804435028
9	1.94939000664491
2	2.31806333496276
1	2.60745502321467
9	3.35945602012099
9	2.35024801833416
3	2.75434833571102
2	1.96378782734556
6	2.73078227566639
2	2.16731733474818
3	2.13033376849501
5	1.32221929473392
3	1.44715803134222
2	1.98227123303957
2	1.85733249643127
5	2.58994960132571
6	2.58658730467175
6	2.69108149212297
2	1.81291335664286
6	2.74896286125616
2	2.87040390527903
2	2.39794000867204
2	3.27600198996205
2	3.02857125269254
5	2.49276038902684
2	2.62428209583567
5	2.00432137378264
2	2.30535136944662
6	2.99869515831166
2	2.61489721603313
11	2.74115159885178
16	2.58319877396862
17	2.58319877396862
15	1.32221929473392
17	2.85430604180108
2	2.85125834871908
4	2.80955971463527
9	2.51188336097887
2	2.79934054945358
15	2.07918124604762
15	
2	2.77670118398841
8	1.75587485567249
2	2.51851393987789
7	2.95085145888855
16	1.69019608002851
6	3.16046853111904
13	2.74585519517373
9	3.09933527768596
8	2.17318626841227
9	2.24551266781415
14	2.52113808370404
2	2.48572142648158
6	2.20139712432045
9	3.01953168453126
13	2.00432137378264
8	2.6730209071289
5	2.39445168082622
1	2.62428209583567
5	2.76715586608218
15	2.33041377334919
13	2.68124123737559
11	2.43933269383026
1	2.50379068305718
9	2.18752072083646
6	2.36735592102602
11	3.49748253736737
16	1.74036268949424
15	1.70757017609794
6	2.20411998265592
6	2.48713837547719
2	2.3096301674259
9	2.24797326636181
6	2.62117628177504
9	2.40823996531185
8	2.71767050300226
9	2.14612803567824
16	1.96378782734556
2	2.25767857486918
8	1.9731278535997
10	1.92427928606188
1	2.9795483747041
11	2.1430148002541
4	2.55990662503611
9	2.69983772586725
5	
11	
2	
12	2.32633586092875
6	2.51454775266029
1	2.19312459835446
1	2.59439255037543
2	1.96378782734556
2	3.03662889536216
5	2.91698004732038
11	3.35736303061514
6	2.58771096501891
1	2.53529412004277
9	2.62428209583567
1	2.32837960343874
9	1.47712125471966
4	2.3324384599156
1	2.45788189673399
9	2.50785587169583
9	2.34044411484012
6	2.20411998265592
8	1.38021124171161
8	2.56820172406699
8	2.2405492482826
9	2.64246452024212
9	2.6414741105041
10	2.02530586526477
9	2.96754797621886
9	2.35024801833416
11	2.53781909507327
4	2.28555730900777
9	2.45636603312904
7	1.95424250943932
9	
8	2.65513843481138
8	2.53529412004277
9	2.19589965240923
14	2.88252453795488
14	1.80617997398389
3	2.77085201164214
2	2.13033376849501
13	2.67117284271508
6	2.87157293554588
9	2.8481891169914
1	1.96848294855394
9	1.61278385671974
9	1.11394335230684
8	2.06069784035361
7	2.33041377334919
4	2.57403126772772
9	2.65801139665711
8	3.11660774398825
8	2.13987908640124
6	2.82801506422398
16	2.63042787502502
15	2.47712125471966
14	1.36172783601759
15	
16	3.30813737863804
13	
15	
16	1.70757017609794
16	2.85125834871908
11	1.99122607569249
13	2.61804809671209
16	2.66275783168157
15	
16	2.94792361983173
17	1.30102999566398
17	1.89209460269048
17	2.23552844690755
15	1.99122607569249
16	2.33445375115093
14	
16	
16	2.55266821611219
16	2.56348108539441
11	
11	1.63346845557959
15	2.02530586526477
11	2.06818586174616
14	
11	
11	2.60422605308447
16	
13	2.39269695325967
15	2.67486114073781
16	2.88930170250631
15	
16	1.91907809237607
15	
6	
15	2.2718416065365
15	2.16435285578444
12	2.65224634100332
16	2.12385164096709
16	
16	
16	
12	
15	
14	2.52891670027765
15	
14	
15	2.47275644931721
15	
14	2.54777470538782
12	2.06069784035361
16	2.94939000664491
16	
11	2.72672720902657
15	2.43775056282039
16	2.57287160220048
16	
16	
15	
13	2.6414741105041
17	
13	1.93449845124357
16	
17	
17	
15	
16	
17	
17	
17	1.92427928606188
17	2.82151352840477
15	2.04139268515822
15	
16	2
14	
17	2.2380461031288
16	
15	2.50105926221775
16	2.0899051114394
17	
15	1.95424250943932
14	2.53907609879278
15	2.3747483460101
16	1.98227123303957
13	
16	2.67394199863409
16	2.95036485437612
16	2.15836249209525
16	2.54406804435028
11	2.92116605063774
15	3.54998361115969
16	1.88649072517248
16	1.81291335664286
16	
13	1.7160033436348
16	2.82865989653532
15	
14	
10	2.64246452024212
16	1.82607480270083
16	
16	
15	2.59439255037543
17	2.85064623518307
15	2.70329137811866
16	2.66464197555613
16	2.34242268082221
14	2.41830129131975
14	2.07918124604762
17	2
17	
15	1.74036268949424
16	2.26245108973043
17	
16	1.7481880270062
13	2.36361197989214
16	2.3747483460101
14	2.29666519026153
17	2.67851837904011
16	2.37657695705651
17	1.75587485567249
17	
17	1.73239375982297
17	
16	2.66931688056611
16	2.45788189673399
16	2.68304703823885
15	2.63748972951251
16	1.81291335664286
15	
16	
14	2.79448804665917
16	1.92427928606188
16	2.7481880270062
16	2.4983105537896
16	
16	
16	
17	1.72427586960079
14	
16	2.85913829729453
14	1.53147891704226
17	1.50514997831991
16	
16	
15	2.00860017176192
16	
16	1.95424250943932
16	2.84198480459011
16	2.74036268949424
16	
15	2.40654018043395
11	
13	
16	2.52113808370404
11	2.46982201597816
16	2.03342375548695
11	
16	
15	2.42651126136458
16	2.79239168949825
15	2.28780172993023
15	
15	2.56584781867352
16	3.0068937079479
16	
14	
13	2.07554696139253
16	2.72098574415374
16	2.65417654187796
16	2.12710479836481
14	1.99563519459755
14	
16	2.41497334797082
14	
14	
15	2.0899051114394
13	1.96848294855394
15	
15	
17	2.64640372622307
15	
11	2.46389298898591
13	2.81291335664286
14	2.51982799377572
15	
14	2.00432137378264
14	
13	2.39794000867204
17	
15	2.4345689040342
14	2.87273882747267
16	2.35602585719312
17	1.95424250943932
15	
14	
15	
16	2.80071707828238
16	2.10037054511756
14	
15	1.95904139232109
14	
13	1.34242268082221
16	
15	2.20411998265592
14	
15	
15	2.07554696139253
16	
17	2.14921911265538
14	
15	2.93399316383124
15	1.65321251377534
16	1.74036268949424
16	
17	2.29885307640971
15	2.26717172840301
15	2.04532297878666
14	2.48855071650044
11	
13	
16	1.95904139232109
17	2.77378644498119
16	2.34242268082221
16	
16	1.83884909073726
13	1.97772360528885
13	2.60205999132796
15	3.53895056201436
14	
15	
15	3.08350261983027
16	
14	
14	1.93951925261862
16	2.32221929473392
16	
16	2.26951294421792
14	
17	2
13	
16	
14	
16	
14	
16	
15	2.17026171539496
17	1.9731278535997
15	2.59988307207369
17	2.00860017176192
14	
15	
16	2.07188200730613
17	
16	
16	
16	2
16	1.54406804435028
14	
15	
16	2.24551266781415
15	
15	
15	1.49136169383427
15	1.57978359661681
17	2.46239799789896
17	2.44870631990508
16	
12	2.4996870826184
16	
14	2.50785587169583
12	2.55144999797287
16	
14	2.29225607135648
16	2.46239799789896
14	2.987219229908
15	2.54900326202579
16	2.72835378202123
16	2.44090908206522
16	
17	
15	
16	2.3384564936046
16	2.60205999132796
11	2.64542226934909
15	
13	1.74036268949424
13	2.22530928172586
13	
13	2.28555730900777
10	1.61278385671974
13	2.40823996531185
11	
13	
15	
11	1.32221929473392
13	
13	3.19645254170339
14	2.63848925695464
15	2.68663626926229
17	2.09691001300806
16	2.95472479097906
16	
16	2.39619934709574
16	2.60852603357719
16	2.16136800223497
17	
16	2.25042000230889
15	
13	2.0899051114394
15	
16	2.54654266347813
15	
16	2.43616264704076
16	2.54406804435028
17	
11	2.45636603312904
17	2.56348108539441
16	2.43616264704076
16	2.51321760006794
17	2.67760695272049
17	
14	
16	1.74036268949424
16	2.90741136077459
16	
16	2.02118929906994
16	
11	
14	
15	1.79934054945358
15	2.42813479402879
16	1.80617997398389
16	2.68214507637383
12	2.3096301674259
16	2.4996870826184
16	2.32428245529769
4	2.5705429398819
6	2.34635297445064
9	2.26245108973043
3	2.42975228000241
2	2.66651798055488
2	2.45636603312904
2	2.15533603746506
2	2.45788189673399
11	1.55630250076729
11	1.55630250076729
2	2.89597473235906
2	2.20139712432045
2	3.17464119266045
6	2.50650503240487
2	2.04139268515822
3	2.68484536164441
4	2.08278537031645
2	2.84323277809801
5	2.93901977644867
2	2.73719264270474
6	2.64542226934909
3	2.74973631556906
6	2.73559889969818
6	2.76342799356294
5	2.78816837114117
2	2.72591163229505
4	2.25527250510331
9	2.25767857486918
1	2.11058971029925
1	2.72754125702856
4	2.55022835305509
11	2.46089784275655
9	2.58994960132571
9	2.4983105537896
2	1.85125834871908
3	2.25285303097989
5	2.69019608002851
9	1.82607480270083
1	2.65896484266443
2	2.50514997831991
9	2.05690485133647
9	3.04139268515822
7	
6	1.81291335664286
6	2.4983105537896
6	1.38021124171161
9	1.64345267648619
9	2.36361197989214
9	2.2148438480477
2	2.32014628611105
11	2.58319877396862
7	2.07554696139253
10	2.78958071216443
6	2.32633586092875
14	1.83250891270624
9	2.59439255037543
7	2.53781909507327
6	2.20951501454263
6	2.44090908206522
6	2.61172330800734
2	1.41497334797082
9	1.91907809237607
14	1.14612803567824
9	2.61066016308988
10	2.45024910831936
1	2.36735592102602
14	1.96848294855394
4	1.86332286012046
9	2.65896484266443
8	1.7481880270062
3	2.66838591669
6	2.57863920996807
1	2.37839790094814
6	2.5705429398819
6	1.55630250076729
6	2.79309160017658
2	2.39967372148104
9	1.61278385671974
8	2.29885307640971
2	2
10	1.34242268082221
9	2.18184358794477
8	2.81424759573192
9	2.49136169383427
9	2.38201704257487
9	1.32221929473392
9	2.58883172559421
4	2.66931688056611
9	2.76342799356294
9	2.73399928653839
5	2.46089784275655
4	2.05307844348342
6	2.47421626407626
9	1.53147891704226
9	2.66931688056611
6	2.38201704257487
4	2.79657433321043
3	1.46239799789896
2	2.99211148778695
9	2.56584781867352
1	2.69897000433602
2	2.78532983501077
2	3.001733712809
14	2.10037054511756
16	2.84757265914211
2	1.79934054945358
2	2.9237619608287
14	2.47421626407626
15	2.51982799377572
4	2.82672252016899
9	1.73239375982297
2	2.41830129131975
2	2.76192783842053
6	2.78461729263288
4	2.70243053644553
4	2.50650503240487
2	2.60745502321467
9	2.88479536394898
7	1.95424250943932
1	1.90308998699194
14	1.60205999132796
15	1.44715803134222
14	1.69897000433602
16	1.66275783168157
3	2.46239799789896
2	3.00518051250378
1	2.15228834438306
1	2.55266821611219
4	2.40140054078154
9	2.85186960072977
16	2.09342168516224
16	1.96848294855394
16	2.57863920996807
15	1.94448267215017
16	2.38916608436453
9	2.57287160220048
2	2.54777470538782
4	2.71180722904119
6	2.67394199863409
6	2.99607365448528
6	2.2718416065365
3	2.75127910398334
2	1.14612803567824
2	2.50785587169583
3	2.76117581315573
6	2.63042787502502
9	3.2817149700273
2	2.50785587169583
6	2.71767050300226
9	2.74507479158206
4	2.97266559226611
9	2.74507479158206
2	2.56820172406699
3	2.05307844348342
2	2.54530711646582
2	2.79239168949825
2	2.26951294421792
11	2.06069784035361
9	2.67394199863409
9	
9	2.11058971029925
2	1.7481880270062
9	2.21218760440396
2	2.32428245529769
14	2.34242268082221
2	2.32428245529769
5	2.58206336291171
4	3.06595298031387
2	1.74036268949424
2	2.56702636615906
2	2.33041377334919
2	2.60745502321467
4	2.82736927305382
4	2.89486965674525
6	2.82412583391655
6	2.39093510710338
5	2.52891670027765
6	2.83569057149243
9	2.72015930340596
4	1.96848294855394
5	2.31597034545692
6	2.22010808804006
9	2.48000694295715
1	2.32428245529769
4	2.79169064902012
6	2.36735592102602
2	2.39967372148104
2	2.23299611039215
6	2.71011736511182
9	2.60097289568675
6	2.01703333929878
6	1.65321251377534
7	1.97772360528885
5	2.65991620006985
2	1.43136376415899
2	2.83058866868514
4	1.86923171973098
8	2.8750612633917
9	2.66181268553726
9	2.46834733041216
9	2.44870631990508
1	1.96378782734556
5	2.20139712432045
9	2.72591163229505
10	2.28330122870355
4	2.84447717574568
11	1.41497334797082
12	1.74036268949424
12	1.39794000867204
16	1.64345267648619
3	2.15228834438306
9	2.76342799356294
8	2.87157293554588
6	2.42651126136458
9	2.92479599579791
9	2.58319877396862
5	2.60852603357719
9	2.58319877396862
6	3.2973227142053
7	2.87966920563205
9	2.73798732633343
9	2.86093662070009
2	2.27875360095283
6	2.29003461136252
3	1.99563519459755
6	2.59439255037543
1	2.51587384371168
16	1.98227123303957
4	2.62013605497376
6	2.8055008581584
6	2.45788189673399
6	2.59439255037543
9	1.80617997398389
9	1.95904139232109
1	1.50514997831991
6	1.30102999566398
3	2.42651126136458
2	2.73399928653839
2	2.62531245096167
2	2.72181061521255
1	2.02530586526477
6	2.17026171539496
8	2.92788341033071
6	2.92685670894969
6	2.69983772586725
6	2.76042248342321
9	2.90471554527868
6	2.74350976472843
9	3.22427401429426
9	2.8394780473742
9	3.02284061087653
6	2.31175386105575
6	2.90363251608424
6	2.19033169817029
16	2.22010808804006
6	2.96425963019685
11	2.23299611039215
10	2.16136800223497
6	2.05307844348342
6	2.23044892137827
6	2.17897694729317
6	2.23552844690755
15	2.12710479836481
6	2.13353890837022
6	2.13033376849501
10	2.85973856619715
6	2.77378644498119
6	2.47275644931721
12	1.98677173426624
16	2.30102999566398
16	2.75050839485135
16	2.53655844257153
16	2.31175386105575
14	2.37657695705651
16	2.26481782300954
16	2.35793484700045
14	2.26717172840301
14	2.24797326636181
14	2.25767857486918
14	2.35983548233989
14	2.55509444857832
16	2.28330122870355
15	2.38916608436453
17	2.59769518592551
16	2.23299611039215
14	2.27646180417324
14	2.25767857486918
14	2.40312052117582
16	2.32633586092875
17	2.31175386105575
16	1.93951925261862
17	2.22788670461367
16	2.28555730900777
17	2.20682587603185
15	3.42439155441028
6	2.24303804868629
15	2.20951501454263
15	2.15228834438306
15	2.1846914308176
16	2.2718416065365
16	2.25767857486918
16	2.26007138798507
16	2.3324384599156
6	2.23044892137827
14	2.52113808370404
6	2.20411998265592
11	2.68304703823885
14	2.85308952985187
5	2.65513843481138
5	1.43136376415899
9	2.8463371121298
2	2.89597473235906
2	2.55630250076729
6	1.89209460269048
2	2.77597433112937
6	2.48995847942483
1	2.12710479836481
1	2.96284268120124
9	2.52891670027765
6	2.64048143697042
1	2.66086547800387
9	2.60959440922522
1	2.38560627359831
9	2.24551266781415
6	2.79448804665917
7	1.9731278535997
9	2.49136169383427
9	2.41830129131975
9	1.80617997398389
9	2.36172783601759
6	2.31386722036915
11	1.89209460269048
1	2.48572142648158
9	1.49136169383427
2	2.73078227566639
4	2.59769518592551
7	2.59439255037543
2	2.65127801399814
2	2.51719589794997
2	2.76267856372744
2	2.38381536598043
2	2.84757265914211
2	1.69019608002851
2	2.28330122870355
11	1.84509804001426
3	2.68484536164441
2	2.06445798922692
9	2.45788189673399
2	2.04532297878666
2	2.43616264704076
2	2.60530504614111
1	2.34830486304816
2	2.35218251811136
2	2.19865708695442
2	1.43136376415899
2	2.0899051114394
2	2.13353890837022
2	2.59769518592551
2	3.08493357493672
2	2.55750720190566
2	2.02530586526477
4	2.60852603357719
6	2.26717172840301
6	2.77378644498119
5	2.63748972951251
9	2.87390159786446
9	2.4345689040342
5	2.51188336097887
6	2.68574173860226
10	2.94051648493257
6	2.8555191556678
9	2.91803033678488
2	2.66086547800387
9	2.07918124604762
9	2.73239375982297
7	2.27646180417324
2	2.49554433754645
9	1.93449845124357
2	2.74507479158206
6	2.48713837547719
4	2.89209460269048
6	2.28780172993023
1	1.25527250510331
8	2.92685670894969
9	3.00817418400643
9	2.95230800966212
9	2.65513843481138
6	2.47275644931721
9	2.67117284271508
9	2.64836001098093
1	2.16136800223497
14	1.76342799356294
1	1.68124123737559
1	2.57634135020579
2	0.778151250383644
2	2.80955971463527
2	2.40483371661994
4	2.67577834167408
2	2.97863694838447
9	2.45788189673399
9	2.39619934709574
2	2.57863920996807
2	2.59217675739587
2	2.26951294421792
2	2.34830486304816
6	1.94448267215017
9	3.0696680969116
6	1.86332286012046
9	2.24303804868629
6	2.86746748785905
4	2.56229286445647
2	2.76789761601809
3	2.44715803134222
2	2.8228216453031
1	2.58994960132571
4	1.92941892571429
2	2.73239375982297
2	2.20682587603185
1	1.04139268515822
5	2.4456042032736
9	2.1430148002541
1	2.54406804435028
1	2.43136376415899
9	2.65417654187796
6	2.48572142648158
9	2.82412583391655
9	
6	2.39794000867204
7	2.62531245096167
5	2.32837960343874
9	1.83884909073726
4	2.33645973384853
11	2.62838893005031
6	2.47567118832443
6	2.76117581315573
7	2.54157924394658
6	2.88309335857569
5	2.35218251811136
2	1.93449845124357
9	2.25042000230889
9	2.29003461136252
1	1.83250891270624
2	1.07918124604762
14	2.81822589361396
2	2.61172330800734
6	2.69019608002851
4	2.45331834004704
1	3.00389116623691
2	2.25527250510331
9	2.18752072083646
1	2.72345567203519
6	2.53019969820308
7	2.69635638873333
9	2.49136169383427
11	2.2380461031288
9	1.89762709129044
2	2.99651167215418
6	1.66275783168157
4	1.96848294855394
3	1.92941892571429
2	2.71683772329952
2	2.17897694729317
2	1.92427928606188
5	2.70156798505593
2	2.74036268949424
3	2.72835378202123
3	1.23044892137827
2	2.93651374247889
2	1.95904139232109
2	2.66651798055488
6	2.58771096501891
3	2.37657695705651
9	2.84135947045485
5	1.49136169383427
2	2.67760695272049
14	1.86923171973098
16	1.82607480270083
1	2.50242711998443
2	1.60205999132796
2	1.04139268515822
2	2.53147891704225
2	2.60852603357719
2	2.77959649125782
2	2.60959440922522
1	2.59659709562646
2	2.39619934709574
3	1.74036268949424
1	2.46089784275655
3	2.6222140229663
11	2.79588001734408
9	2.66651798055488
9	1.92941892571429
3	2.64443858946784
3	2.91907809237607
3	2.53529412004277
2	2.53529412004277
1	2.06818586174616
1	1.57978359661681
17	
1	2.93651374247889
6	2.26717172840301
2	2.68930885912362
2	2.72015930340596
13	2.60745502321467
13	2.43136376415899
16	2.65224634100332
7	2.6063813651106
2	2.14921911265538
1	2.28103336724773
9	2.58433122436753
2	1.41497334797082
1	2.06445798922692
14	1.99122607569249
1	1.56820172406699
6	1.50514997831991
9	2.52374646681156
13	2.54530711646582
14	2.55630250076729
1	2.83314711191278
1	1.86332286012046
1	2.4345689040342
2	2.39445168082622
1	2.71349054309394
1	1.79934054945358
1	2.39967372148104
10	2.87098881376058
3	2.07554696139253
1	1.23044892137827
8	2.87909587950007
9	2.29885307640971
9	2.79028516403324
6	2.40654018043395
6	1.20411998265592
1	
1	2.3747483460101
6	2.56466606425209
8	2.7160033436348
6	1.83884909073726
1	2.83314711191278
9	2.83505610172012
4	2.75511226639507
11	2.59769518592551
4	2.90902085421116
9	2.52633927738984
4	2.65513843481138
7	2.75434833571102
6	2.27875360095283
6	2.5705429398819
9	2.55870857053317
6	2.87852179550121
9	2.65896484266443
9	2.72754125702856
6	2.08278537031645
9	2.69196510276736
2	1.5910646070265
5	2.81756536955978
8	2.90525604874845
1	2.92064500140679
16	1.7481880270062
9	2.34044411484012
1	2.26007138798507
3	3.1044871113124
2	2.29003461136252
10	2.45636603312904
9	1.95904139232109
8	2.60422605308447
6	2.61384182187607
9	2.61384182187607
6	2.55750720190566
2	2.15533603746506
2	2.62117628177504
14	
9	2.23552844690755
9	2.06069784035361
2	2.57634135020579
6	2.15836249209525
6	2.77742682238931
5	2.36921585741014
1	2.70757017609794
8	2.92737036303902
6	2.65991620006985
7	2.52244423350632
1	2.40140054078154
6	2.66651798055488
2	2.64640372622307
11	1.32221929473392
5	1.85733249643127
3	2.11727129565576
2	2.49554433754645
4	2.76417613239033
11	2.53019969820308
6	2.86981820797933
4	2.74429298312268
6	2.24303804868629
9	1.39794000867204
2	2.58658730467175
8	2.50105926221775
3	2.71349054309394
9	2.53147891704225
8	2.85430604180108
6	2.40823996531185
3	2.99166900737995
1	1.99122607569249
6	
1	2.65896484266443
9	2.52504480703684
2	3.16554107672237
9	2.67394199863409
2	2.94051648493257
6	1.89762709129044
2	1.44715803134222
2	1.25527250510331
2	2.39967372148104
2	2.66181268553726
2	2.83695673705955
2	2.86093662070009
9	2.26481782300954
3	2.52891670027765
2	1.86332286012046
2	0.845098040014257
2	3.45301239112146
2	2.78816837114117
9	2.71516735784846
2	2.26717172840301
4	2.67851837904011
5	2.51321760006794
8	2.26717172840301
6	2.3096301674259
5	2.74585519517373
6	2.73798732633343
2	1.79239168949825
2	2.5092025223311
2	2.71683772329952
6	2.49136169383427
9	2.27875360095283
6	3.21085336531489
9	2.74429298312268
2	2.74663419893758
4	3.06892761168207
9	2.38021124171161
2	2.23044892137827
14	2.29885307640971
16	3.22814360759774
3	2.62736585659273
3	2.65991620006985
6	2.24551266781415
2	1.43136376415899
6	1.95904139232109
2	2.07918124604762
13	1.60205999132796
2	2.40140054078154
2	2.68214507637383
2	2.06445798922692
2	2.64933485871214
9	1.89209460269048
7	2.32221929473392
1	2.41664050733828
1	2.66370092538965
9	2.44870631990508
1	2.68033551341456
2	2.73559889969818
2	2.59217675739587
2	2.71850168886727
2	2.9415114326344
9	2.45636603312904
3	2.79028516403324
9	2.17318626841227
1	2.68394713075151
9	2.54032947479087
6	3.2319790268315
10	2.28330122870355
2	2.55750720190566
2	2.70671778233676
15	2.62428209583567
2	2.72181061521255
14	2.57749179983723
9	2.41497334797082
6	2.32014628611105
8	1.41497334797082
6	2.62736585659273
6	2.59659709562646
5	2.20682587603185
5	3.13956426617585
5	2.25285303097989
6	1.32221929473392
6	2.42160392686983
2	2.07918124604762
9	2.45484486000851
9	2.76715586608218
1	2.05690485133647
1	2.69897000433602
5	2.73078227566639
5	2.55509444857832
6	2.6159500516564
6	2.5910646070265
6	2.63144376901317
9	2.39967372148104
10	2.59769518592551
9	2.71432975974523
9	2.55144999797287
9	2.64345267648619
5	2.41664050733828
6	2.08278537031645
2	2.0899051114394
6	2.10037054511756
14	2.4345689040342
13	2.37106786227174
13	1.83250891270624
12	1.76342799356294
12	2.02118929906994
9	2.18752072083646
5	2.19312459835446
9	2.59879050676312
10	2.01283722470517
3	2.68752896121463
9	1.93951925261862
7	2.45024910831936
6	2.64640372622307
2	2.36172783601759
9	2.32633586092875
2	2.29446622616159
14	2.43775056282039
6	2.8767949762007
6	3.10243370568134
11	2.32633586092875
9	2.67577834167408
11	3.28194193344082
8	2.33645973384853
7	2.45024910831936
9	2.68304703823885
10	2.70243053644553
9	2.22010808804006
2	2.2718416065365
2	1.54406804435028
4	2.71096311899528
9	2.41995574848976
6	2.07918124604762
6	2.88986172125819
2	2.54900326202579
2	2.21748394421391
2	2.41497334797082
6	2.84010609445676
2	2.60745502321467
6	2.66745295288995
9	2.57634135020579
8	2.47712125471966
6	2.70500795933334
3	2.40312052117582
8	2.6570558528571
2	1.8750612633917
2	2.69284691927723
2	2.29225607135648
2	1.8750612633917
2	2.94890176097021
1	2.44404479591808
2	2.62428209583567
2	1.67209785793572
8	2.52244423350632
4	1.84509804001426
7	2.02530586526477
6	3.16583762469013
9	2.46239799789896
9	2.6159500516564
9	2.73319726510657
9	2.4456042032736
9	2.23552844690755
6	2.63447727016073
4	2.90036712865647
6	2.37657695705651
5	2.54777470538782
2	2.73399928653839
9	2.56702636615906
9	2.8842287696326
9	2.56348108539441
5	3.40397796366935
9	1.80617997398389
12	2.69372694892365
8	2.65417654187796
6	2.15533603746506
9	2.0899051114394
9	2.63447727016073
3	2.63748972951251
6	2.82994669594164
9	2.65991620006985
9	3.00902574208691
9	2.12710479836481
9	2.74973631556906
13	2.43296929087441
6	2.32014628611105
17	1.82607480270083
2	2.42975228000241
9	2.11727129565576
6	2.39445168082622
10	2.69635638873333
1	2.07554696139253
6	2.30102999566398
2	2.60959440922522
2	2.25527250510331
2	1.93951925261862
5	2.38381536598043
10	2.98272338766855
6	2.24303804868629
9	2.28780172993023
6	1.93449845124357
3	2.97081161087252
5	2.52633927738984
9	2.62117628177504
9	2.01283722470517
2	1.96378782734556
2	2.70586371228392
2	2.3541084391474
3	2.65321251377534
16	2.65321251377534
2	2.69196510276736
14	2.52113808370404
1	2.12710479836481
2	2.77451696572855
9	1.73239375982297
9	2.43296929087441
6	2.92479599579791
5	2.39093510710338
4	2.91487181754005
9	2.24303804868629
4	2.98362628712453
9	2.43136376415899
8	2.27646180417324
9	2.43296929087441
9	2.76042248342321
9	1.93951925261862
1	1.77815125038364
1	1.95424250943932
11	2.26007138798507
10	1.79934054945358
9	2.62428209583567
9	2.63648789635337
3	1.36172783601759
9	2.14612803567824
1	1.6232492903979
2	2.3096301674259
3	1.72427586960079
9	2.90091306773767
1	1.5910646070265
6	2.9795483747041
2	2.86510397464113
2	1.53147891704226
1	2.69635638873333
6	2.53147891704225
2	2.15836249209525
2	2.38738982633873
2	2.28103336724773
6	1.44715803134222
5	2.20411998265592
15	2.6222140229663
14	2.22010808804006
14	2.87215627274829
14	2.82930377283102
14	2.52633927738984
14	2.64246452024212
15	2.44870631990508
7	2.26007138798507
2	1.98677173426624
2	1.67209785793572
9	2.31597034545692
1	2.81690383937566
9	2.27875360095283
13	2.07918124604762
5	2.14921911265538
13	2.12385164096709
3	2.63447727016073
3	2.31175386105575
9	2.73479982958885
1	2.29885307640971
1	1.60205999132796
11	2.96142109406645
9	2.64246452024212
2	2.50242711998443
2	2.78816837114117
4	2.61278385671974
11	2.42975228000241
11	1.54406804435028
10	2.07918124604762
3	1.93951925261862
2	2.27875360095283
6	2.55630250076729
2	1.77085201164214
9	3.19838213000829
2	1.72427586960079
2	2.57978359661681
2	2.75587485567249
1	2.57863920996807
2	2.90091306773767
3	2.69019608002851
6	2.55388302664387
3	1.89762709129044
6	2.02118929906994
2	1.78532983501077
2	2.34044411484012
2	2.2405492482826
3	1.56820172406699
3	2.97497199429807
6	1.93449845124357
6	2.41497334797082
6	2.72997428569956
2	3.01199311465926
2	2.91434315711944
3	1.96378782734556
9	2.54900326202579
2	2.57863920996807
2	2.88366143515362
1	2.41161970596323
2	2.76117581315573
1	2.61909333062674
2	1.7481880270062
2	2.35218251811136
2	1.81291335664286
2	2.33041377334919
1	2.54032947479087
2	3.02407498730743
2	2.55266821611219
2	1.79239168949825
2	1.98227123303957
1	1.32221929473392
9	2.17026171539496
1	2.06069784035361
2	2.38560627359831
2	3.19920647916166
3	2.3324384599156
6	2.59217675739587
2	2.78675142214556
6	2.4814426285023
3	2.07918124604762
2	2.56702636615906
1	1.34242268082221
6	1.39794000867204
9	3.01745072951054
15	1.5910646070265
14	2.01283722470517
9	2.65896484266443
3	2.81358098856819
4	2.67394199863409
5	2.53529412004277
2	2.69635638873333
3	2.8926510338773
3	2.30535136944662
17	2.85913829729453
14	1.75587485567249
14	1.39794000867204
3	2
3	2.2380461031288
2	1.60205999132796
3	2.28780172993023
9	2.34439227368511
6	2.63648789635337
6	2.76863810124761
6	2.07188200730613
6	2.94694327069783
16	0.301029995663981
6	2.6570558528571
16	2.65513843481138
15	2.60205999132796
15	1.7160033436348
9	2.08635983067475
9	2.15533603746506
9	2.37106786227174
9	2.4345689040342
9	2.3096301674259
6	1.69897000433602
9	2.47712125471966
9	3.14488541828714
9	1.54406804435028
8	2.3541084391474
6	2.39445168082622
9	2.43775056282039
10	3.18497519069826
17	2.87966920563205
15	1.56820172406699
9	2.67024585307412
9	2.15533603746506
5	2.29003461136252
2	2.02938377768521
2	2.65321251377534
15	2.23552844690755
9	2.5327543789925
8	2.54282542695918
6	3.38685552918472
9	2.85186960072977
9	2.29446622616159
1	2.13987908640124
14	2.2380461031288
1	2.60205999132796
2	2.59549622182557
2	2.90741136077459
4	2.44870631990508
4	2.42488163663107
6	3.05728564441821
6	2.28780172993023
6	2.74350976472843
6	2.77232170672292
1	2.8926510338773
16	1.69897000433602
1	2.17026171539496
1	2
2	2.03342375548695
3	2.86451108105839
1	1.90308998699194
2	2.54157924394658
1	2.37106786227174
1	1.49136169383427
2	2.72015930340596
2	2.72754125702856
2	2.76417613239033
2	2.59769518592551
2	2.75815462196739
8	2.42975228000241
2	2.67851837904011
2	2.97772360528885
9	2.34635297445064
9	2.15836249209525
6	3.02571538390134
2	2.22788670461367
4	2.6170003411209
4	3.14891099310936
2	2.73719264270474
2	2.8494194137969
9	2.6063813651106
2	2.3384564936046
2	2.12385164096709
1	2.40654018043395
2	2.52504480703684
2	2.6232492903979
2	3
5	2.7427251313047
2	2.6730209071289
6	2.46389298898591
6	2.91750550955255
5	2.10720996964787
9	2.42813479402879
9	2.32633586092875
9	2.46538285144842
9	2.6954816764902
5	2.17318626841227
10	1.83250891270624
11	2.65224634100332
11	2.67760695272049
4	3.02489596010749
4	2.29446622616159
10	2.10720996964787
9	3.27346427262135
10	2.23299611039215
9	2.64443858946784
9	2.41161970596323
3	2.51587384371168
4	2.62634036737504
9	2.75511226639507
6	1.98677173426624
4	
9	2.0899051114394
6	2.66464197555613
6	2.18184358794477
11	2.67760695272049
6	2.38916608436453
7	2.00860017176192
6	2.57287160220048
8	2.45178643552429
11	2.82020145948564
8	2.16136800223497
1	2.92324401863028
5	2.97680833733807
8	2.72591163229505
9	2.2148438480477
2	2.64933485871214
1	2.59879050676312
2	3.02571538390134
2	2.29225607135648
2	2.84385542262316
2	2.92012332629072
2	2.5854607295085
2	2.14921911265538
9	2.74973631556906
2	2.43616264704076
2	2.74663419893758
2	2.84571801796666
2	2.78103693862113
2	2.26717172840301
2	2.09691001300806
2	2.78247262416629
2	2.86332286012046
2	2.13033376849501
2	2.77158748088126
15	2.32837960343874
1	2.25527250510331
2	2.23299611039215
6	2.37106786227174
2	2.92064500140679
2	2.52762990087134
2	2.59439255037543
2	2.48713837547719
16	
2	2.34439227368511
2	2.7701152947871
9	2.59549622182557
2	2.71011736511182
9	2.06445798922692
2	2.41329976408125
2	2.87215627274829
2	2.45788189673399
2	2.64048143697042
5	3.05384642685225
16	2.10037054511756
16	2.32633586092875
5	1.89762709129044
6	1.17609125905568
11	1.69019608002851
14	2.93601079571521
17	2.01283722470517
16	1.90308998699194
15	3.05307844348342
16	2.01283722470517
17	1.41497334797082
17	1.67209785793572
16	1.99563519459755
17	1.99122607569249
17	1.57978359661681
16	2.13353890837022
17	1.57978359661681
2	3.08350261983027
5	2.3747483460101
8	1.99122607569249
2	2.8394780473742
6	2.59549622182557
6	2.3654879848909
9	2.38916608436453
4	1.77815125038364
8	2.41664050733828
9	2.10380372095596
6	1.96378782734556
9	2.93247376467715
8	2.64048143697042
8	2.41830129131975
6	2.46834733041216
15	2.28103336724773
8	3.09025805293132
15	2.48287358360875
1	2.5327543789925
1	1.84509804001426
1	1.34242268082221
1	2.41161970596323
1	1.97772360528885
1	1.79934054945358
2	2.3324384599156
2	2.2718416065365
6	2.57403126772772
2	2.62634036737504
2	1.8750612633917
1	2.17318626841227
1	2.98362628712453
1	2.98181860717066
4	2.1430148002541
8	2.54282542695918
9	2.10380372095596
11	2.22010808804006
14	2.04139268515822
8	1.65321251377534
17	2.47129171105894
16	2.21748394421391
9	2.58206336291171
9	2.77597433112937
11	2.38201704257487
11	2.91381385238372
2	1.88081359228079
2	2.09691001300806
9	2.02938377768521
2	2.72181061521255
2	2.26717172840301
2	1.86923171973098
2	2.92531209149965
2	1.81291335664286
2	3.18554215485438
2	2.51321760006794
16	1.32221929473392
2	2.68394713075151
2	2.93751789201735
2	2.4996870826184
2	2.76267856372744
2	2.38560627359831
2	2.44404479591808
2	2.30749603791321
4	2.37839790094814
3	2.32221929473392
4	2.66181268553726
3	2.74507479158206
9	2.71011736511182
9	2.71850168886727
4	2.39093510710338
9	2.6170003411209
2	2.58319877396862
6	2.83442070368153
4	2.52504480703684
5	2.90741136077459
2	2.51321760006794
2	2.69108149212297
2	2.47712125471966
6	2.78958071216443
3	3.11727129565576
2	2.59769518592551
9	2.71516735784846
11	
5	2.1430148002541
9	2.67942789661212
16	1.96378782734556
16	2.04139268515822
14	1.53147891704226
2	2.8463371121298
2	2.9795483747041
2	2.27646180417324
2	2.46389298898591
2	1.6232492903979
2	2.93751789201735
1	2.62634036737504
4	2.24551266781415
11	1.85733249643127
10	2.3096301674259
9	1.36172783601759
9	2.39794000867204
11	1.91907809237607
12	2.3096301674259
8	1.83250891270624
9	2.18752072083646
6	2.63346845557959
14	2.67117284271508
4	2.78746047451842
6	2.13672056715641
14	2.48995847942483
8	2.59328606702046
6	2.92788341033071
9	2.34439227368511
10	2.51982799377572
9	2.76192783842053
11	2.75511226639507
9	1.11394335230684
2	2.49692964807321
2	2.70070371714502
2	2.03342375548695
2	2.59769518592551
2	2.17026171539496
2	2.80413943233535
2	2.20951501454263
2	2.00860017176192
2	2.54406804435028
2	2.74115159885178
3	
2	2.05690485133647
2	2.42488163663107
9	1.91381385238372
6	2.41995574848976
1	2.30319605742049
14	1.80617997398389
1	2.15533603746506
1	2.77451696572855
1	2.68930885912362
9	2.41995574848976
9	2.67486114073781
6	2.65896484266443
8	2.28103336724773
10	2.83758843823551
9	2.40823996531185
9	2.5705429398819
11	2.39794000867204
11	2.90902085421116
16	2.36735592102602
15	
11	1.93449845124357
16	
16	2.42324587393681
16	2.4345689040342
16	
14	2.1430148002541
9	1.95904139232109
13	2.66181268553726
12	2.72098574415374
13	2.06069784035361
9	2.48713837547719
1	2.04921802267018
11	2.51188336097887
9	2.78461729263288
9	2.78887511577542
9	2.6730209071289
11	1.7481880270062
6	2.25527250510331
9	2.38738982633873
9	2.42488163663107
6	2.41995574848976
9	2.37657695705651
9	2.25285303097989
9	2.5910646070265
9	2.42975228000241
5	2.48995847942483
10	2.39093510710338
9	2.15836249209525
9	2.65127801399814
6	3.03542973818455
7	2.34439227368511
6	2.45178643552429
2	1.56820172406699
15	1.23044892137827
16	1.94939000664491
15	1.81954393554187
9	2.17609125905568
14	2.59217675739587
17	2.52244423350632
14	2.46834733041216
6	2.25767857486918
12	1.49136169383427
14	2.63948648926859
15	1.6232492903979
16	1.17609125905568
15	1.07918124604762
14	1.65321251377534
6	2.12710479836481
11	2.65030752313194
11	1.73239375982297
9	2.32428245529769
1	1.83250891270624
14	2.50514997831991
1	2.35983548233989
1	1.49136169383427
6	2.70671778233676
16	2.26007138798507
11	3.06258198422816
9	2.91169015875386
15	1.70757017609794
1	1.93449845124357
11	1.91381385238372
9	2.93500315145365
9	2.3384564936046
11	2.29003461136252
2	2.77524625974024
2	2.29446622616159
9	2.12057393120585
17	2.30319605742049
17	2.46389298898591
15	1.99563519459755
6	2.50105926221775
1	2.27415784926368
2	1.66275783168157
2	2.76492298464989
1	1.43136376415899
2	2.20139712432045
1	2.43136376415899
1	2.97863694838447
2	2.37291200297011
2	2.05690485133647
2	1.81291335664286
12	2.00432137378264
9	1.14612803567824
2	2.37839790094814
2	1.95904139232109
2	1.17609125905568
1	2.36172783601759
1	1.70757017609794
1	1.27875360095283
1	2.46239799789896
2	2.17026171539496
1	2.15228834438306
2	2.61384182187607
2	2.28780172993023
2	2.57863920996807
2	1.57978359661681
1	2.78816837114117
2	2.88081359228079
2	1.34242268082221
2	2.71933128698373
2	1.93449845124357
2	1.92427928606188
2	2.51054501020661
2	2.33041377334919
2	2.2148438480477
2	2.25042000230889
2	1.6232492903979
2	2.24303804868629
2	2.00432137378264
2	2.80753502806885
2	2.97173959088778
3	2.79028516403324
2	3.03100428136354
2	2.32014628611105
2	2.28103336724773
5	2.01283722470517
2	2.83378437465648
2	2.84073323461181
5	2.83632411570675
16	2.50514997831991
2	2.51054501020661
6	2.27415784926368
1	2.90633504180509
9	3.5063697170955
9	2.62736585659273
2	2.64345267648619
2	2.65513843481138
9	1.85733249643127
6	2.52504480703684
2	1.86332286012046
2	2.39445168082622
2	2.30319605742049
6	2.70500795933334
6	1.39794000867204
5	2.9566485792052
6	2.50650503240487
9	1.43136376415899
2	2.07188200730613
6	3.0484418035504
11	1.90848501887865
2	2.1430148002541
2	2.24797326636181
6	2.92685670894969
1	2.39093510710338
6	2.34044411484012
6	2.06818586174616
12	1.95904139232109
9	2.66086547800387
6	2.04139268515822
6	2.44090908206522
9	2.37839790094814
6	2.78318869107526
1	1.47712125471966
2	2.959518376973
2	2.64933485871214
1	2.67669360962487
9	2.52504480703684
9	2.45939248775923
6	2.49692964807321
2	1.32221929473392
1	2.47856649559384
1	2.46982201597816
1	2.52113808370404
11	2.16136800223497
8	2.52244423350632
8	2.00860017176192
6	2.89320675305985
9	2.90741136077459
9	1.79239168949825
6	2.26007138798507
2	2.53529412004277
8	2.52762990087134
15	2.23044892137827
2	2.99387691494121
2	3.04921802267018
2	3.1296898921993
6	2.53147891704225
2	2.28555730900777
9	2.52504480703684
3	2.31175386105575
9	2.62013605497376
6	2.68124123737559
6	2.75891189239797
9	1.79934054945358
5	2.72916478969277
2	2.6222140229663
4	2.74741180788642
3	1.93449845124357
9	3.4072208929274
4	2.68124123737559
9	3.10209052551184
4	2.41161970596323
6	2.73158876518674
7	2.61066016308988
6	1.53147891704226
6	2.71933128698373
11	1.79934054945358
5	3.07298474462793
7	3.26552533521907
5	2.53147891704225
9	2.8555191556678
6	1.83250891270624
9	3.54332290064691
9	2.44870631990508
8	2.18752072083646
9	2.78247262416629
6	2.8318697742805
9	2.6222140229663
9	2.11058971029925
9	2.61384182187607
1	3.16345955176999
1	3.53744128340795
2	1.14612803567824
1	2.31597034545692
9	2.60530504614111
4	2.45788189673399
16	1.56820172406699
9	1.92427928606188
9	1.85733249643127
1	1.65321251377534
2	2.92788341033071
9	2.64542226934909
2	2.73719264270474
2	2.26007138798507
2	2.9698816437465
2	2.8767949762007
2	2.41995574848976
2	2.47421626407626
2	2.40140054078154
4	2.68930885912362
1	2.69897000433602
9	2.22010808804006
14	2.47567118832443
11	2.5705429398819
2	2.43775056282039
9	1.79239168949825
6	1.77085201164214
8	2.26007138798507
6	1.77815125038364
6	2.00432137378264
4	2.38738982633873
2	1.92427928606188
2	2.04921802267018
14	2.65224634100332
3	3.28035069304601
9	2.88081359228079
1	2.68663626926229
13	2.36172783601759
11	2.02938377768521
16	
1	1.9731278535997
1	1.90308998699194
1	1.88081359228079
9	2.66464197555613
6	2.31386722036915
16	2.50379068305718
2	2.8767949762007
1	1.67209785793572
9	2.73319726510657
14	1.73239375982297
2	2.18184358794477
7	3.07700432679335
2	2.55750720190566
3	2.47856649559384
1	2.06445798922692
11	2.71683772329952
6	2.56937390961505
8	2.66838591669
1	2.01703333929878
4	1.5910646070265
6	0.954242509439325
1	1.34242268082221
9	2.50105926221775
9	2.63648789635337
9	3.02201573981772
6	1.94448267215017
6	2.06069784035361
1	2.72015930340596
1	2.5910646070265
1	2.59439255037543
9	2.8055008581584
6	2.89097959698969
4	2.58883172559421
6	2.38560627359831
10	2.38201704257487
2	0.477121254719662
2	2.70070371714502
1	2.56820172406699
2	2.41497334797082
2	2.78390357927273
2	2.70842090013471
2	2.26245108973043
1	2.61909333062674
2	1.95424250943932
4	2.30749603791321
2	2.42651126136458
1	2.41830129131975
2	2.8109042806687
2	2.78031731214015
1	2.38201704257487
2	2.56937390961505
2	2.61909333062674
2	2.38560627359831
2	2.3324384599156
2	2.70156798505593
1	2.72916478969277
2	1.93951925261862
1	2.67209785793572
2	2.11727129565576
2	1.5910646070265
9	2.00432137378264
2	2.17609125905568
2	2.9304395947667
2	3.00389116623691
2	1.77085201164214
4	2.08278537031645
2	2.30749603791321
2	2.3654879848909
2	2.17318626841227
1	2.12710479836481
2	2.39794000867204
2	1.27875360095283
4	2.47567118832443
4	2.29885307640971
3	2.65991620006985
16	3.32613095671079
16	1.67209785793572
9	3.0386201619497
6	2.90687353472207
2	2.67117284271508
11	2.48572142648158
4	2.4983105537896
9	2.00860017176192
2	2.55509444857832
2	2.8494194137969
1	2.42813479402879
2	2.65896484266443
1	2.70070371714502
2	2.67486114073781
17	2.65321251377534
1	2.55870857053317
2	2.48287358360875
1	1.11394335230684
1	1.81291335664286
1	2.50785587169583
2	2.49692964807321
2	2.58771096501891
4	2.34635297445064
5	2.61489721603313
4	2.56937390961505
6	2.60314437262018
6	2.985426474083
4	2.79169064902012
2	1.61278385671974
4	1.70757017609794
6	2.48000694295715
2	2.70671778233676
4	2.68663626926229
6	2.85247999363686
2	2.32014628611105
2	2.45331834004704
2	2.62634036737504
4	2.65321251377534
3	2.95375969173323
2	2.91169015875386
2	2.48572142648158
6	2.38381536598043
6	2.47129171105894
2	1.9731278535997
2	2.54530711646582
2	2.79448804665917
1	2.64345267648619
5	2.15228834438306
11	1.39794000867204
2	2.22530928172586
2	2.64640372622307
2	2.68304703823885
9	2.41995574848976
2	2.11727129565576
2	2.80821097292422
6	2.49554433754645
2	2.94546858513182
3	2.51188336097887
6	2.26717172840301
15	2.6159500516564
16	2.04532297878666
17	1.78532983501077
6	3.23172438332852
6	2.80345711564841
9	2.74115159885178
9	2.68484536164441
6	2.69196510276736
9	2.66370092538965
3	2.76267856372744
2	2.68124123737559
4	2.69196510276736
4	2.67117284271508
3	2.2148438480477
4	2.45331834004704
6	2.54900326202579
4	2.48287358360875
5	2.45331834004704
9	2.82020145948564
9	3.0696680969116
9	2.39619934709574
2	2.6954816764902
5	1.38021124171161
2	2.63144376901317
5	2.09691001300806
9	2.80140371001735
9	2.68663626926229
14	1.25527250510331
5	2.51851393987789
2	3.16731733474818
2	2.13033376849501
2	2.50379068305718
2	2.72263392253381
8	2.50785587169583
9	2.5092025223311
3	2.26007138798507
2	2.48000694295715
2	2.67024585307412
2	2.91539983521227
6	2.39093510710338
9	3.06069784035361
7	2.51054501020661
5	2.5910646070265
6	2.64640372622307
4	2.30319605742049
5	2.67942789661212
9	2.35218251811136
6	2.25285303097989
9	2.72754125702856
5	2.83314711191278
6	2.9532763366673
9	1.6232492903979
11	3.01452053875792
1	3.24229290498293
5	2.75511226639507
4	2.12710479836481
9	2.77815125038364
10	2.55990662503611
5	2.4996870826184
6	3.47450763911698
9	1.77085201164214
6	2.33041377334919
6	2.8318697742805
4	2.49136169383427
5	3.39915433395822
2	2.76117581315573
6	3.07114529045108
4	2.57518784492766
9	3.23628527744803
6	2.81424759573192
9	2.33041377334919
9	1.9731278535997
6	2.65417654187796
6	2.58771096501891
6	2.06069784035361
6	2.28103336724773
9	2.19312459835446
9	2.67851837904011
6	2.41664050733828
6	2.20139712432045
7	2.01283722470517
6	2.26245108973043
9	2.71180722904119
6	2.82542611776782
6	2.31806333496276
9	1.99122607569249
9	2.39967372148104
9	2.52374646681156
2	2.22788670461367
6	2.7427251313047
15	2.76417613239033
15	2.42488163663107
2	2.63042787502502
2	2.15228834438306
6	3.02571538390134
2	2.63042787502502
10	2.21218760440396
1	1.76342799356294
5	2.85003325768977
9	1.79239168949825
9	3.03941411917614
9	2.60097289568675
8	2.73639650227664
1	2.52633927738984
2	1.83884909073726
2	2.65609820201283
2	2.5910646070265
11	1.47712125471966
9	2.43775056282039
15	1.97772360528885
5	2.95424250943932
6	2.06069784035361
2	2.80888586735981
2	2.15228834438306
2	1.99122607569249
9	2.07554696139253
2	1.88649072517248
2	2.79448804665917
7	2.34439227368511
2	2.49136169383427
3	2.68214507637383
5	2.20682587603185
2	2.06069784035361
1	2.45788189673399
6	2.66558099101795
2	1.50514997831991
9	2.42975228000241
2	2.5854607295085
15	2.89042101880091
6	1.69897000433602
9	2.09342168516224
9	2.13353890837022
11	2.40993312333129
2	2.04139268515822
4	2.37106786227174
9	2.85003325768977
9	2.64345267648619
16	2.82542611776782
2	2.42651126136458
9	2.96331551138611
6	2.80753502806885
2	1.76342799356294
6	2.65321251377534
9	2.36735592102602
3	2.52633927738984
2	1.66275783168157
16	2.85491302230786
14	2.0899051114394
16	1.50514997831991
8	2.2718416065365
9	2.25042000230889
8	2.08635983067475
8	2.50514997831991
9	2.05690485133647
9	1.72427586960079
4	2.90525604874845
9	1.91907809237607
9	2.76492298464989
9	2.52244423350632
6	2.78816837114117
2	1.32221929473392
9	2.61489721603313
9	2.77887447200274
5	2.86451108105839
5	2.4456042032736
6	2.63748972951251
2	2.37291200297011
2	2.8109042806687
1	2.56348108539441
2	2.14921911265538
9	2.28103336724773
2	2.33445375115093
2	2.22010808804006
2	2.61278385671974
2	2.63848925695464
2	2.01703333929878
2	1.99122607569249
9	2.37657695705651
9	2.85003325768977
4	2.48429983934679
9	2.51982799377572
6	1.95904139232109
6	2.61172330800734
9	2.64836001098093
1	2.83758843823551
1	1.85125834871908
1	2.51054501020661
1	2.90363251608424
1	1.90848501887865
13	2.16435285578444
6	2.55630250076729
4	2.68752896121463
4	2.62117628177504
6	1.34242268082221
6	2.77742682238931
4	1.93449845124357
2	2.70842090013471
4	3.07809415040641
9	2.72509452108147
2	2.35218251811136
6	2.47129171105894
9	2.16136800223497
9	2.67117284271508
2	2.2718416065365
2	1.94939000664491
17	1.86332286012046
16	1.90848501887865
14	2.54157924394658
16	2.26245108973043
6	2.64345267648619
11	2.54406804435028
11	2.68841982200271
10	2.07554696139253
9	1.94939000664491
11	3.08955188288645
3	2.48000694295715
9	2.45024910831936
6	2.47421626407626
6	1.81954393554187
2	2.4814426285023
1	1.88649072517248
9	2.06445798922692
11	2.68930885912362
6	2.76267856372744
9	2.3096301674259
2	3.25188145455253
7	3.08813608870055
5	2.73158876518674
8	2.31597034545692
14	2.39093510710338
6	2.60959440922522
9	2.29003461136252
11	1.91907809237607
14	2.35218251811136
1	1.32221929473392
2	2.35983548233989
6	2.91381385238372
6	2.31175386105575
1	1.79934054945358
9	2.46686762035411
2	2.12710479836481
1	2.44247976906445
2	2.04139268515822
2	2.63245729218472
2	2.72672720902657
2	3.14050804303818
4	2.7664128471124
2	2.40654018043395
5	2.66931688056611
16	2.32014628611105
16	2.9712758487381
16	1.94448267215017
15	1.82607480270083
14	2.49415459401844
2	1.72427586960079
9	2.49415459401844
9	2.37106786227174
4	2.70926996097583
9	2.61489721603313
5	2.43136376415899
3	2.65609820201283
9	2.79028516403324
10	2.54406804435028
9	1.53147891704226
8	2.93701610746481
4	2.72345567203519
6	2.78247262416629
9	2.13353890837022
9	2.19865708695442
5	2.65224634100332
6	2.6954816764902
9	1.69897000433602
16	3.20628604441243
6	2.91434315711944
6	2.61066016308988
1	2.99563519459755
4	2.14921911265538
9	2.08635983067475
9	2.84695532501982
5	1.30102999566398
6	1.90848501887865
8	2.01283722470517
5	2.95616843047536
9	2.45636603312904
9	2.00432137378264
6	2.11394335230684
6	2.26481782300954
6	2.24551266781415
5	2.46686762035411
9	1.51851393987789
8	2.54654266347813
2	2.2405492482826
6	2.77085201164214
9	2.71349054309394
9	2.20411998265592
9	2.73798732633343
6	2.72672720902657
3	3.02775720469055
8	2.78532983501077
2	2.72181061521255
8	2.61909333062674
9	2.75966784468963
1	1.43136376415899
2	2.78816837114117
9	2.79865064544527
9	2.63144376901317
6	2.15533603746506
9	2.81624129999178
6	2.07918124604762
6	3.00389116623691
3	2.55388302664387
2	1.5910646070265
2	1.65321251377534
17	2.03742649794062
2	2.68663626926229
2	2.38021124171161
9	2.51188336097887
6	1.97772360528885
2	2.51188336097887
2	2.59328606702046
6	2.44090908206522
2	2.75434833571102
9	2.72997428569956
2	3.08278537031645
2	1.7481880270062
2	3.1861083798132
2	2.53529412004277
2	2.91698004732038
2	2.87852179550121
2	2.74585519517373
2	2.37839790094814
2	2
2	2.42160392686983
6	1.97772360528885
16	3.09968064110925
15	2.13987908640124
5	2.04921802267018
9	1.55630250076729
2	2.50514997831991
2	2.28780172993023
2	2.45484486000851
9	1.81954393554187
3	3.05956341790127
5	3.06781451116184
6	1.39794000867204
6	2.68394713075151
5	3.10957854690439
9	2.43616264704076
6	2.3747483460101
9	2.42160392686983
6	2.85369821177617
16	2.03342375548695
17	2.68574173860226
1	2.75815462196739
1	3.10105935490812
6	2.67577834167408
9	2.69460519893357
6	2.43933269383026
9	2.3324384599156
7	2.47129171105894
9	2.18184358794477
6	2.31806333496276
11	2.56229286445647
2	2.16731733474818
2	2.32221929473392
5	1.7481880270062
4	2.1846914308176
6	2.70926996097583
8	2.40654018043395
11	2.21748394421391
9	1.73239375982297
9	2.26007138798507
8	1.85125834871908
9	2.31175386105575
2	2.23552844690755
9	2.83505610172012
2	2.42813479402879
9	1.11394335230684
9	2.44870631990508
15	2.11394335230684
16	2.13353890837022
9	1.75587485567249
1	2.50105926221775
5	2.29446622616159
9	3.02857125269254
6	2.52113808370404
9	2.80955971463527
3	2.54282542695918
2	2.57634135020579
2	2.59328606702046
15	2.26245108973043
13	2.68841982200271
12	2.55990662503611
11	2.19312459835446
12	2.20411998265592
14	1.74036268949424
16	1.85733249643127
11	2.33445375115093
14	1.88081359228079
15	2.22271647114758
13	1.85125834871908
14	3.23704079137919
1	1.86332286012046
1	1.95424250943932
2	3.45999525604739
9	2.40483371661994
9	2.01283722470517
6	2.06818586174616
5	2.39794000867204
2	2.65896484266443
5	2.99078269180314
2	2.38560627359831
6	2.68484536164441
8	2.71180722904119
9	2.24797326636181
2	2.07918124604762
2	1.51851393987789
8	1.88649072517248
2	2.34635297445064
2	1.96848294855394
9	2.60745502321467
2	2.48000694295715
9	1.5910646070265
2	2.04921802267018
9	2.32837960343874
2	2.8463371121298
9	2.61384182187607
13	2.29885307640971
8	1.95424250943932
9	2.64246452024212
5	2.41995574848976
2	2.72345567203519
6	2.30319605742049
2	2.62531245096167
2	2.50105926221775
6	2.55870857053317
9	2.73319726510657
2	2.23552844690755
9	2.05307844348342
9	2.82020145948564
6	1.77085201164214
9	2.54157924394658
9	2.40312052117582
9	
6	3
2	2.72345567203519
9	2.77451696572855
9	1.50514997831991
6	2.41329976408125
2	2.67851837904011
9	2.20951501454263
9	2.04532297878666
2	1.5910646070265
9	2.78247262416629
9	3.19893186993221
2	2.23044892137827
11	2.26007138798507
15	2.02938377768521
9	2.70156798505593
6	2.09342168516224
6	2.30535136944662
2	2.54157924394658
6	2.26481782300954
9	2.89097959698969
9	2
10	2.40312052117582
6	2.20139712432045
7	2.03342375548695
6	2.37291200297011
7	2.70842090013471
6	2.65321251377534
9	2.49136169383427
9	2.47712125471966
9	2.73559889969818
10	2.63748972951251
6	2.40140054078154
11	1.50514997831991
7	2.77524625974024
5	2.65801139665711
2	2.61172330800734
6	2.78318869107526
11	2.42160392686983
4	3.18041263283832
2	2.57749179983723
4	2.85369821177617
9	3.29136885045158
9	2.70500795933334
5	2.19865708695442
9	2.6159500516564
2	1.81291335664286
2	2.26951294421792
2	1.99122607569249
2	2.91169015875386
2	2.32014628611105
2	3.14860265480609
2	3.12710479836481
2	2.55630250076729
2	2.57978359661681
1	2.12385164096709
2	2.86805636182304
6	3.0927206446841
6	2.9329808219232
9	2.48000694295715
4	2.95568775031351
2	2.69897000433602
4	2.00860017176192
10	2.61066016308988
3	2.26007138798507
6	2.58994960132571
6	2.65030752313194
6	2.71683772329952
5	2.60314437262018
6	2.77597433112937
6	2.09342168516224
6	2.80753502806885
6	2.44715803134222
6	2.45636603312904
9	2.42324587393681
4	1.76342799356294
5	2.11394335230684
2	2.31175386105575
5	3.06892761168207
15	2.60530504614111
5	2.75587485567249
2	2.6170003411209
4	1.17609125905568
2	2.60097289568675
1	2.45024910831936
1	3.07845681805329
17	2.04139268515822
2	1.36172783601759
2	2.42160392686983
4	2.24797326636181
9	2.06069784035361
3	2.47275644931721
5	2.65801139665711
9	2.77670118398841
1	1.41497334797082
1	2.30319605742049
2	1.53147891704226
14	1.65321251377534
2	2.51851393987789
2	1.94939000664491
2	2.5910646070265
2	2.12385164096709
1	2.6222140229663
2	2.6414741105041
2	2.77742682238931
1	2.80685802951882
2	2.44715803134222
2	2.82151352840477
1	2.46389298898591
2	1.6232492903979
13	2.58994960132571
2	2.09342168516224
2	2.44715803134222
1	2.7481880270062
2	2.59879050676312
8	2.25285303097989
1	2.58771096501891
1	2.89597473235906
2	2.61172330800734
2	2.19033169817029
2	1.69019608002851
2	2.37106786227174
2	2.73559889969818
14	2.00432137378264
1	2.40312052117582
2	2.40140054078154
2	1.73239375982297
15	2.59769518592551
2	2.64933485871214
1	2.89097959698969
16	2.19033169817029
1	2.46239799789896
2	2.72754125702856
2	2.8318697742805
2	2.68304703823885
1	2.41664050733828
1	2.65224634100332
1	2.51188336097887
2	2.13033376849501
2	2.97266559226611
2	2.76117581315573
2	2.97220283837906
5	2.61384182187607
2	2.27646180417324
2	2.44870631990508
3	1.54406804435028
9	2.77597433112937
2	2.11394335230684
3	2.50785587169583
3	2.34830486304816
9	2.75434833571102
9	2.29446622616159
9	2.39093510710338
1	2.44870631990508
2	1.91381385238372
1	1.41497334797082
1	2.31806333496276
1	2.68484536164441
1	2.56702636615906
1	1.73239375982297
1	2.59328606702046
1	2.38916608436453
6	1.36172783601759
2	2.2718416065365
2	2.70671778233676
2	1.7160033436348
1	1.86332286012046
8	2.15228834438306
2	2.59549622182557
1	2.60422605308447
2	1.54406804435028
2	2.34830486304816
1	1.54406804435028
1	2.61909333062674
1	2.72427586960079
1	2.48995847942483
2	1.72427586960079
16	1.38021124171161
2	2.82930377283102
2	2.63748972951251
2	2.70329137811866
2	2.68394713075151
5	1.94448267215017
2	2.39967372148104
1	2.47712125471966
2	2.63848925695464
2	2.60314437262018
9	3.14176323027579
5	2.78461729263288
2	2.45484486000851
2	1.75587485567249
1	2.23552844690755
1	2.54777470538782
15	
15	1.81291335664286
2	2.90902085421116
1	2.62428209583567
2	1.5910646070265
6	2.27646180417324
1	1.73239375982297
6	2.15228834438306
14	2.36735592102602
2	2.76267856372744
2	2.10037054511756
2	2.44715803134222
2	1.65321251377534
1	2.56937390961505
6	2.72015930340596
6	2.7701152947871
6	1.7481880270062
1	2.47567118832443
1	2.46389298898591
2	1.92427928606188
1	
3	1.85125834871908
2	2.64836001098093
2	1.38021124171161
5	2.02118929906994
2	1.50514997831991
2	1.14612803567824
8	2.05690485133647
2	1.56820172406699
2	2.07188200730613
5	1.60205999132796
1	2.65896484266443
1	3.17260293120986
9	1.80617997398389
9	2.62531245096167
11	2.19312459835446
6	3.02571538390134
2	2.35024801833416
2	2.76117581315573
2	1.57978359661681
3	2.77670118398841
2	1.9731278535997
2	2.16136800223497
2	2.36735592102602
2	1.79934054945358
9	2.83378437465648
6	2.77305469336426
9	2.16731733474818
4	2.94101424370557
2	2.68574173860226
9	3.07627625540422
2	2.48000694295715
10	2.81224469680037
1	2.20411998265592
1	1.95904139232109
2	1.32221929473392
4	2.76789761601809
6	2.36921585741014
9	2.55870857053317
9	2.48855071650044
9	3.05192391604611
2	2.28103336724773
1	2.67851837904011
8	2.67117284271508
6	2.52891670027765
14	1.47712125471966
14	2.63245729218472
9	2.91803033678488
13	1.75587485567249
14	2.19589965240923
4	1.81291335664286
6	2.54032947479087
3	2.51454775266029
4	2.78532983501077
4	1.07918124604762
4	2.39794000867204
9	2.62940959910272
9	3.1981069988734
6	2.85672889038288
7	2.73319726510657
9	2.64246452024212
11	2.9566485792052
9	2.75511226639507
2	2.87563993700417
1	2.66651798055488
2	2.84757265914211
2	2.35602585719312
3	1.85733249643127
6	1.32221929473392
2	2.48855071650044
6	2.87098881376058
4	1.93951925261862
9	2.55022835305509
9	1.85733249643127
6	2.96473092105363
4	2.32633586092875
6	2.94890176097021
5	2.31175386105575
6	2.1430148002541
6	2.63548374681491
9	2.11058971029925
11	1.94939000664491
14	1.95424250943932
9	3.25527250510331
11	2.43616264704076
11	2.67394199863409
12	2.60530504614111
12	2.01703333929878
9	2.08278537031645
11	2.51587384371168
9	2.4814426285023
11	1.86923171973098
11	2.1430148002541
14	2.15228834438306
12	1.63346845557959
9	2.67942789661212
11	1.73239375982297
9	1.74036268949424
11	2.72835378202123
8	2.51851393987789
9	2.63447727016073
5	2.23044892137827
7	3.67163559660213
9	1.38021124171161
9	2.53019969820308
16	2.26481782300954
9	2.26481782300954
16	1.95424250943932
2	2.5092025223311
2	3.16996817399689
4	3.36810085170935
2	2.6170003411209
11	2.23299611039215
4	2.28330122870355
3	2.45331834004704
16	2.46834733041216
6	2.63548374681491
9	2.57170883180869
6	2.85064623518307
6	2.05307844348342
9	2.24303804868629
9	2.16731733474818
9	2.51454775266029
9	2.81690383937566
8	2.08278537031645
7	2.78461729263288
4	3.10311925354571
5	3.01494034979294
6	2.37839790094814
9	2.58994960132571
14	2.3541084391474
8	3.31386722036915
2	2.39794000867204
2	2.13353890837022
9	2.63346845557959
6	2.2718416065365
2	2.63748972951251
11	2.55144999797287
4	2.35983548233989
4	2.78390357927273
11	2.60097289568675
6	1.98677173426624
2	2.55388302664387
2	3.13767053723675
1	2.92116605063774
6	2.53019969820308
1	2.48713837547719
2	1.7160033436348
2	2.39093510710338
9	2.59328606702046
9	2.17318626841227
2	2.06445798922692
1	2.25285303097989
12	2.35024801833416
9	3.2397998184471
9	3.16613397030511
10	3.09447112864164
9	2.53019969820308
5	2.53781909507327
6	2.66181268553726
11	2.01703333929878
1	2.8318697742805
4	2.36361197989214
5	2.63648789635337
9	2.89376176205794
9	1.91381385238372
6	
2	2.16731733474818
2	2.76267856372744
12	1.84509804001426
9	2.02118929906994
1	2.3747483460101
6	2.29446622616159
6	3.23829706787539
4	2.62940959910272
9	2.68574173860226
2	1.95904139232109
2	2.54530711646582
2	2.70757017609794
2	2.68930885912362
2	2.68124123737559
12	3.02978947083186
4	2.48995847942483
2	2.9731278535997
9	2.52244423350632
9	2.63548374681491
6	2.39445168082622
2	2.77158748088126
9	1.69897000433602
6	1.85733249643127
2	1.14612803567824
1	2.4345689040342
1	2.41329976408125
9	2.23044892137827
2	2.53019969820308
2	2.64640372622307
9	2.22271647114758
9	2.95760728706009
9	2.06818586174616
11	2.28103336724773
11	1.34242268082221
16	1.83884909073726
16	1.83884909073726
16	1.81291335664286
16	1.77085201164214
16	1.77085201164214
16	3.55157197367425
13	1.56820172406699
13	2.1846914308176
6	2.30749603791321
10	2.02118929906994
2	2.56348108539441
4	2.69635638873333
6	2.77597433112937
11	2.68214507637383
6	2.35602585719312
9	2.66838591669
12	2.41830129131975
13	2.99299509843134
5	2.71349054309394
9	2.73158876518674
9	2.87390159786446
8	2.31806333496276
12	2.78887511577542
9	2.90471554527868
9	2.3324384599156
6	2.42324587393681
14	2.81888541459401
13	2.54032947479087
2	2.35793484700045
6	2.95616843047536
5	2.05307844348342
2	1.54406804435028
1	2.35983548233989
8	2.69810054562339
1	2.47129171105894
2	1.51851393987789
2	2.45484486000851
9	2.93851972517649
4	2.60314437262018
1	2.42160392686983
1	2.74115159885178
9	2.49554433754645
9	2.30319605742049
10	1.57978359661681
6	2.67209785793572
9	2.04532297878666
6	1.86332286012046
5	2.66558099101795
6	2.20682587603185
2	2.68033551341456
2	2.80888586735981
9	2.49276038902684
2	2.37106786227174
11	2.59217675739587
6	2.66181268553726
9	3.17405980772503
10	1.60205999132796
4	3.18012587516405
3	2.23299611039215
6	2.26951294421792
2	1.49136169383427
2	1.47712125471966
2	1.54406804435028
1	1.72427586960079
2	1.93951925261862
3	2.20682587603185
2	1.41497334797082
6	1.04139268515822
1	2.52244423350632
3	2.76715586608218
4	1.92427928606188
6	2.52504480703684
6	2.55266821611219
1	2.86451108105839
1	2.73878055848437
1	2.39269695325967
13	2.16731733474818
1	2.08635983067475
1	2.65896484266443
9	1.68124123737559
2	2.5854607295085
2	2.67577834167408
2	2.77232170672292
5	2.77451696572855
2	2.49276038902684
14	2.67851837904011
15	2
6	2.22271647114758
14	2.42813479402879
2	2.50379068305718
11	2.36735592102602
5	2.95230800966212
2	2.1430148002541
5	2.51454775266029
2	3.08026562733984
2	2.69019608002851
6	1.88081359228079
2	2.46538285144842
2	1.99122607569249
2	2.20951501454263
2	3.20520436394814
2	2.16136800223497
1	2.17897694729317
2	2.42651126136458
2	2.56466606425209
3	1.34242268082221
2	2.29885307640971
11	2.5854607295085
9	2.81888541459401
14	2.63245729218472
2	2.74429298312268
2	2.03742649794062
1	2.7701152947871
6	2.65417654187796
6	2.71933128698373
1	2.16136800223497
6	2.07554696139253
9	2.24797326636181
6	2.70757017609794
9	2.73319726510657
9	2.59549622182557
9	2.74115159885178
9	2.77597433112937
8	2.74350976472843
8	1.88081359228079
9	2.53781909507327
9	2.41497334797082
9	2.6232492903979
6	2.89042101880091
9	2.17897694729317
9	2.89542254603941
6	2.94645226501307
4	2.72181061521255
9	3.25212455250564
9	2.53907609879278
9	3.228400358703
9	2.74507479158206
9	2.63548374681491
16	1.32221929473392
16	1.23044892137827
9	2.78958071216443
9	2.2380461031288
11	2.39619934709574
9	3.0068937079479
9	2.55990662503611
2	2.68752896121463
1	2.5705429398819
1	2.16731733474818
1	2.25767857486918
6	2.15228834438306
2	2.06069784035361
8	2.96801571399364
2	2.85125834871908
1	2.42160392686983
2	1.84509804001426
2	2.43616264704076
2	2.12710479836481
2	2.36921585741014
2	2.10037054511756
6	3.10482840365366
2	2.30535136944662
2	2.75815462196739
2	2.66838591669
14	1.8750612633917
12	2.90091306773767
14	3.19423674872383
14	2.5854607295085
14	2.58994960132571
13	2.49136169383427
15	2.52633927738984
14	2.42324587393681
1	1.77815125038364
2	1.96378782734556
14	2.84447717574568
2	2.15228834438306
14	2.22530928172586
13	2.57518784492766
16	1.86923171973098
17	1.86923171973098
2	2.2380461031288
14	3.63888842470507
12	2.55630250076729
2	2.7160033436348
14	2.07554696139253
1	1.83250891270624
2	2.12057393120585
1	2.15228834438306
1	2.82020145948564
9	2.79588001734408
8	2.71850168886727
2	1.88649072517248
9	3.15685190107001
1	2.63447727016073
9	2.10037054511756
6	2.47421626407626
9	2.44404479591808
9	2.36735592102602
9	2.52891670027765
2	2.88817949391833
2	2.51851393987789
6	2.75891189239797
6	2.55509444857832
2	2.55750720190566
9	2.62117628177504
6	2.83632411570675
6	2.37839790094814
6	2.32221929473392
2	2.23044892137827
3	3.13767053723675
9	2.93449845124357
3	1.77085201164214
2	2.80071707828238
4	2.46834733041216
6	2.29666519026153
6	2.96614173273903
5	1.80617997398389
16	
9	2.26481782300954
9	2.60745502321467
9	2.87040390527903
9	2.72509452108147
2	2.59549622182557
2	2.10380372095596
2	2.13987908640124
2	1.75587485567249
2	1.90308998699194
2	2.27875360095283
2	2.73078227566639
2	2.40654018043395
2	1.88081359228079
2	1.98677173426624
2	2.72345567203519
6	2.73878055848437
6	2.35218251811136
2	1.80617997398389
9	2.52374646681156
6	2.0899051114394
6	2.49692964807321
7	2.39445168082622
9	2.6414741105041
10	2.22010808804006
2	2.14612803567824
2	1.80617997398389
2	2.11394335230684
5	1.50514997831991
15	1.89762709129044
15	2.13987908640124
14	2.54530711646582
9	2.13353890837022
10	2.2405492482826
7	1.63346845557959
2	2.3324384599156
2	2.72098574415374
2	2.67486114073781
9	2.77742682238931
2	1.30102999566398
6	1.7481880270062
5	1.60205999132796
5	2.68752896121463
3	1.98677173426624
6	2.90741136077459
2	2.28555730900777
2	2.81424759573192
6	2.9795483747041
6	2.81157500587059
1	2.77742682238931
2	2.08278537031645
2	1.77815125038364
1	2.3324384599156
4	2.19589965240923
4	2.28103336724773
4	2.51454775266029
2	2.84198480459011
2	2.47856649559384
9	3.51732788229437
9	2.40823996531185
9	2.58206336291171
9	3.22737244228964
9	2.07918124604762
10	2.17318626841227
7	2.16136800223497
6	2.92685670894969
3	2.52504480703684
6	2.63346845557959
9	2.79588001734408
11	2.55509444857832
6	1.99563519459755
6	2.39794000867204
3	1.84509804001426
3	2.97220283837906
9	2.49415459401844
8	2.70500795933334
9	2.90091306773767
2	2.70926996097583
3	3.06744284277638
8	2.2148438480477
3	2.79169064902012
6	2.24797326636181
6	2.69196510276736
3	2.68841982200271
3	2.24797326636181
3	2.46239799789896
6	2.2380461031288
6	2.54900326202579
9	2.34830486304816
6	2.52633927738984
9	2.52374646681156
9	2.14921911265538
3	3.34163233577805
9	2.64345267648619
4	2.63648789635337
9	2.68484536164441
9	2.76492298464989
9	2.39093510710338
6	2.56466606425209
9	1.56820172406699
6	2.55388302664387
5	2.95616843047536
5	1.30102999566398
9	1.51851393987789
9	2.90200289135073
9	2.58658730467175
8	2.69722934275972
6	2.5327543789925
9	3.01745072951054
9	2.75511226639507
7	1.98677173426624
6	2.64933485871214
9	2.32221929473392
9	2.64048143697042
9	2.60959440922522
9	2.66931688056611
3	2.20139712432045
1	2.57863920996807
1	2.52762990087134
1	2.77742682238931
6	2.8394780473742
9	2.59769518592551
1	1.49136169383427
2	2.23044892137827
10	2.74350976472843
6	3.06032002868829
9	2.91592721169712
9	2.65801139665711
6	2.79588001734408
10	1.80617997398389
1	2.61172330800734
2	3.2027606873932
2	2.50514997831991
10	2.09342168516224
6	2.66931688056611
8	3.05690485133647
9	2.38021124171161
15	2.34635297445064
15	1.95904139232109
16	1.82607480270083
16	1.81954393554187
8	2.69196510276736
16	2.00860017176192
14	1.81954393554187
16	2.31806333496276
17	1.85125834871908
15	1.83884909073726
16	1.83884909073726
14	2.81690383937566
1	2.63144376901317
7	2.06069784035361
6	1.89209460269048
9	2.88930170250631
5	2.80071707828238
8	2.60959440922522
2	2.65801139665711
2	2.56820172406699
6	2.55630250076729
9	2.97772360528885
9	2.91803033678488
9	2.72345567203519
11	2.55630250076729
15	2.06069784035361
14	2.35793484700045
16	1.7160033436348
16	2.25527250510331
6	2.63548374681491
2	2.68394713075151
1	2.74115159885178
1	2.66838591669
1	2.34044411484012
2	2.66181268553726
6	2.48855071650044
6	2.45939248775923
5	2.53402610605613
6	2.60530504614111
9	2.44247976906445
11	2.61066016308988
6	2.40312052117582
2	2.67486114073781
9	2.04532297878666
9	1.8750612633917
6	2.57863920996807
6	2.29666519026153
9	2.65127801399814
9	3.35276119172383
9	3.02325245963371
2	
9	2.05690485133647
9	2.52374646681156
2	2.84010609445676
6	2.43775056282039
9	2.7419390777292
9	2.60530504614111
9	2.7160033436348
6	2.32428245529769
11	1.99563519459755
11	1.84509804001426
14	2.38916608436453
9	1.94448267215017
13	2
1	1.93449845124357
1	2.22530928172586
6	2.72098574415374
1	2.34044411484012
12	1.93449845124357
1	2.42975228000241
1	2.39269695325967
1	2.30102999566398
1	2.71683772329952
4	2.70671778233676
4	2.27646180417324
2	1.46239799789896
1	2.55266821611219
2	2.30319605742049
1	3.13893394025692
2	1.85733249643127
4	2.19033169817029
3	2.65030752313194
1	2.13987908640124
1	2.6232492903979
1	2.56937390961505
1	2.8394780473742
1	1.64345267648619
1	3.11126251365907
11	2.50650503240487
3	1.86923171973098
4	2.06069784035361
1	2.79588001734408
1	1.17609125905568
2	
1	2.92012332629072
1	2.68663626926229
1	2.53019969820308
1	2.56584781867352
2	2.77232170672292
3	2.16136800223497
1	3.36586221540255
8	2.4814426285023
1	2.61804809671209
3	2.51719589794997
1	2.60422605308447
1	2.72015930340596
5	2.61066016308988
15	2.03742649794062
14	2.69722934275972
14	2.45636603312904
15	2.58092497567562
1	2.02530586526477
1	2.1846914308176
1	2.34635297445064
1	2.50242711998443
1	2.3096301674259
1	2.6730209071289
1	2.08635983067475
1	2.63447727016073
2	2.48287358360875
2	2.62634036737504
5	2.25042000230889
2	2.81888541459401
1	2.32633586092875
1	2.91750550955255
1	2.88930170250631
1	2.42160392686983
1	2.79865064544527
1	3.13353890837022
1	2.27646180417324
1	2.65991620006985
2	3.01452053875792
2	2.70586371228392
17	3.08278537031645
14	2.49136169383427
15	2.8733206018154
2	1.69019608002851
14	2.21748394421391
1	2.06069784035361
2	2.45331834004704
1	2.63648789635337
1	3.17084820364331
17	2.64542226934909
17	3.06483221973857
2	1.6232492903979
2	2.34830486304816
1	2.41995574848976
2	2.44247976906445
1	2.60530504614111
14	2.13987908640124
16	2.4345689040342
1	1.64345267648619
2	2.59439255037543
9	2.04532297878666
8	2.79518458968242
2	2.48572142648158
2	2.30319605742049
2	2.8234742291703
2	1.74036268949424
2	2.54406804435028
2	2.28103336724773
2	2.15533603746506
2	1.47712125471966
3	2.28103336724773
2	2.41664050733828
2	2.42324587393681
2	2.17026171539496
2	2.46089784275655
2	2.68033551341456
2	2.95904139232109
15	2.26481782300954
2	2.04139268515822
2	2.40823996531185
2	2.74036268949424
2	2.85186960072977
2	2.66651798055488
2	2.86213137931304
2	2.44404479591808
2	2.52633927738984
2	3.51693180886801
2	2.54900326202579
2	2.53147891704225
2	2.16435285578444
2	2.40140054078154
2	2.35602585719312
2	2.35793484700045
2	2.77305469336426
2	2.57634135020579
2	1.67209785793572
2	2.57518784492766
2	2.74585519517373
2	2.02938377768521
2	2.65609820201283
13	1.93449845124357
2	2.19312459835446
2	1.83250891270624
2	2.51719589794997
2	2.90902085421116
4	2.73798732633343
2	2.75739602879302
2	3.0948203803548
2	1.85733249643127
2	2.87157293554588
16	2.34044411484012
9	2.21218760440396
2	2.01703333929878
1	2.58206336291171
1	2.51851393987789
1	2.69897000433602
2	2.30749603791321
2	2.31597034545692
1	2.39967372148104
1	2.987219229908
11	2.23299611039215
6	2.05690485133647
1	2.95568775031351
2	2.76267856372744
1	2.50242711998443
1	2.2380461031288
1	2.81291335664286
1	2.36172783601759
1	1.78532983501077
6	2.09691001300806
2	2.71767050300226
2	2.35983548233989
2	2.83442070368153
2	2.17026171539496
1	2.33645973384853
1	1.94448267215017
2	2.69019608002851
1	2.15836249209525
1	2.44870631990508
17	2.88081359228079
1	2.06445798922692
1	2.73719264270474
1	2.47275644931721
9	2.13672056715641
1	2.50242711998443
1	2.17609125905568
14	1.89209460269048
1	2.35602585719312
2	2.3384564936046
2	2.73957234445009
2	2.32428245529769
1	2.34635297445064
1	2.5092025223311
1	2.41995574848976
4	2.42324587393681
8	1.77815125038364
1	2.2718416065365
1	2.82412583391655
2	2.17609125905568
3	2.23044892137827
2	1.83250891270624
2	2.37839790094814
2	2.66181268553726
2	2.30749603791321
5	2.54282542695918
2	2.35024801833416
2	1.89762709129044
2	2.54406804435028
2	2.91907809237607
2	3.22685757028872
2	2.59217675739587
2	2.45484486000851
2	2.65321251377534
2	2.25285303097989
2	2.81491318127507
2	2.73319726510657
2	2.13033376849501
2	1.88649072517248
2	2.10720996964787
2	2.3096301674259
2	2.95999483832842
2	2.40312052117582
2	2.82607480270083
2	2.66558099101795
2	2.7701152947871
2	2.60422605308447
2	2.91222205653242
2	1.81954393554187
1	1.78532983501077
7	2.71683772329952
17	1.93449845124357
17	
17	2.34044411484012
9	2.26717172840301
13	2.5327543789925
15	2.11394335230684
14	2.61489721603313
2	2.76715586608218
1	3.01870049866624
1	2.00860017176192
1	2.69897000433602
2	2.90471554527868
9	2.58658730467175
2	2.54530711646582
2	2.52633927738984
2	2.60097289568675
2	2.92634244662566
2	2.30102999566398
2	2.94645226501307
2	2.64345267648619
2	2.73239375982297
2	2.88081359228079
6	2.43933269383026
1	2.69635638873333
9	2.51587384371168
1	2.61278385671974
6	2.62117628177504
1	2.28330122870355
6	2.48287358360875
6	2.46686762035411
6	2.48855071650044
2	2.6232492903979
6	2.89097959698969
3	2.83250891270624
1	3.00774777800074
6	2.42488163663107
2	2.62940959910272
1	3.01577875638904
3	2.72263392253381
1	2.45636603312904
2	2.55388302664387
2	2.48713837547719
2	2.69983772586725
2	2.39269695325967
2	2.73399928653839
2	2.29003461136252
2	2.47275644931721
2	2.15836249209525
1	2.04139268515822
1	2.53907609879278
4	2.77305469336426
3	2.87273882747267
6	2.29003461136252
4	2.69810054562339
12	2.24303804868629
7	2.72263392253381
6	2.17609125905568
6	2.45788189673399
2	2.3541084391474
2	2.68930885912362
4	3.01703333929878
2	2.64640372622307
9	2.73158876518674
6	2.46834733041216
6	2.61172330800734
10	1.63346845557959
2	2.51587384371168
6	2.57170883180869
10	2.48287358360875
16	3.14983469671578
2	2.84447717574568
2	2.89042101880091
1	2.54282542695918
1	2.75663610824585
1	2.79379038469082
1	2.55870857053317
1	1.84509804001426
15	1.25527250510331
1	2.57403126772772
1	2.70329137811866
1	2.46389298898591
1	2.5910646070265
1	1.7160033436348
1	3.4379090355395
1	1.81291335664286
2	2.74429298312268
1	2.30749603791321
6	2.01703333929878
6	2.74585519517373
11	2.48287358360875
9	2.67851837904011
4	1.98677173426624
3	1.7481880270062
1	2.64443858946784
3	2.19033169817029
1	2.13987908640124
1	2.76042248342321
6	1.89762709129044
5	2.46982201597816
7	2.81224469680037
1	2.58771096501891
1	2.16731733474818
1	2.44715803134222
1	2.01703333929878
6	2.50105926221775
1	2.3747483460101
1	2.17609125905568
1	2.23299611039215
1	2.49136169383427
1	2.62838893005031
4	1.30102999566398
1	3.07918124604762
1	2.87273882747267
1	2.28555730900777
2	2.69108149212297
2	2.14921911265538
3	2.87737134586977
2	3.07809415040641
1	2.47129171105894
9	2.10380372095596
6	
6	
1	2.72754125702856
9	2.60745502321467
2	2.68214507637383
3	1.94939000664491
1	2.32221929473392
9	2.21218760440396
13	2.6222140229663
1	2.79239168949825
12	2.42488163663107
12	2.60314437262018
5	2.85793526471943
16	2.01703333929878
6	2.38021124171161
16	
6	2.69983772586725
6	2.0899051114394
9	2.60205999132796
8	2.30319605742049
6	2.16731733474818
2	1.34242268082221
6	2.8555191556678
14	2.23552844690755
9	2.26951294421792
11	2.17026171539496
13	2.65896484266443
11	2.71933128698373
16	2.85186960072977
16	2.51851393987789
14	2.24551266781415
15	2.05307844348342
11	3.4111144185509
6	2.45484486000851
6	2.63346845557959
6	2.94743372188705
2	3.62889956442061
9	2.91698004732038
2	2.62013605497376
9	2.92788341033071
9	2.72427586960079
6	2.78247262416629
9	3.08529057823006
14	1.32221929473392
6	2.05690485133647
2	2.70070371714502
14	1.32221929473392
9	2.81224469680037
9	2.25042000230889
4	2.73399928653839
4	2.60205999132796
6	2.7427251313047
4	2.8494194137969
5	3.11058971029925
6	3.00987563371216
5	2.73319726510657
4	2.51587384371168
11	2.82672252016899
6	2.59328606702046
6	2.59549622182557
2	2.11394335230684
3	2.7160033436348
2	2.34830486304816
2	2.58771096501891
7	2.50514997831991
3	2.37839790094814
2	1.98227123303957
6	2.02530586526477
2	2.29446622616159
2	2.38021124171161
2	2.67669360962487
6	2.99475694458763
2	2.53147891704225
2	1.7160033436348
1	2.52633927738984
2	2.08635983067475
2	3.0640834359636
2	2.00432137378264
2	2.66838591669
5	2.59659709562646
9	2.13672056715641
13	2.24551266781415
9	1.86332286012046
6	2.42975228000241
15	2.16136800223497
3	2.69635638873333
6	1.89209460269048
6	2.59659709562646
4	2.16136800223497
9	2.46982201597816
9	2.60745502321467
4	2.42160392686983
2	2.4983105537896
9	2.63548374681491
15	2.02118929906994
11	2.21218760440396
16	2.27415784926368
16	1.89762709129044
5	3.27623195792183
6	2.68124123737559
5	2.53655844257153
6	2.6232492903979
14	2.18184358794477
11	2.23044892137827
6	2.8992731873176
15	
16	2.14612803567824
13	1.74036268949424
10	2.48000694295715
11	2.47129171105894
6	
9	3.55714614231836
14	2.73399928653839
3	2.52113808370404
6	2.52113808370404
11	2.48995847942483
4	2.46834733041216
11	0.903089986991943
16	1.86923171973098
2	2.48429983934679
6	2.71516735784846
5	2.41995574848976
8	2.34242268082221
1	2.35218251811136
2	2.46089784275655
5	2.59988307207369
6	2.62736585659273
5	3.06032002868829
1	2.67851837904011
2	2.26481782300954
9	2.2718416065365
2	1.98677173426624
16	2.28103336724773
6	2.06445798922692
9	2.75891189239797
9	1.69897000433602
9	2.12385164096709
2	1.81954393554187
1	2.62736585659273
6	2.51587384371168
3	2.63042787502502
3	1.60205999132796
2	1.98227123303957
2	2.53655844257153
2	2.27646180417324
2	2.22530928172586
6	1.90308998699194
6	2.55388302664387
6	2.00432137378264
2	2.62531245096167
2	2.58658730467175
5	2.30102999566398
5	3.18355453361886
2	2.59769518592551
5	1.61278385671974
9	2.80140371001735
6	2.16435285578444
9	2.56702636615906
7	1.69019608002851
4	1.61278385671974
8	2.62531245096167
9	3.15472820744016
9	2.64640372622307
8	1.99563519459755
2	2.25527250510331
2	2.03342375548695
2	1.80617997398389
8	2.23299611039215
9	2.84695532501982
6	2.58206336291171
2	2.53147891704225
2	1.46239799789896
2	2.56348108539441
2	2.5327543789925
6	1.77815125038364
2	2.44247976906445
2	2.31386722036915
2	2.74585519517373
2	2.21218760440396
2	2.2405492482826
2	2.18752072083646
2	2.58883172559421
2	1.95904139232109
2	1.88649072517248
2	2.08635983067475
2	2.88536122003151
14	3.03502928220237
6	2.15533603746506
5	2.67577834167408
6	1.57978359661681
6	3.13576851456782
6	2.17026171539496
3	2.76267856372744
14	1.79239168949825
2	2.00860017176192
2	2.75281643118827
10	2.77305469336426
2	2.31386722036915
4	2.53019969820308
9	2.05690485133647
9	2.78031731214015
3	2.39445168082622
3	2.28780172993023
9	2.73239375982297
2	2.90471554527868
4	2.2380461031288
6	2.49415459401844
9	1.65321251377534
3	2.99166900737995
6	2.29225607135648
6	1.86332286012046
2	2.51188336097887
2	2.38381536598043
4	2.51982799377572
6	2.01283722470517
6	3.07591176148278
3	1.47712125471966
8	2.56702636615906
2	2.23552844690755
4	2.51587384371168
9	2.55990662503611
2	2.53907609879278
2	1.96378782734556
9	2.69897000433602
6	2.85853719756964
5	2.88479536394898
7	2.61909333062674
9	2.65801139665711
9	2.23552844690755
9	2.32428245529769
1	2.01703333929878
1	3.26197619139781
9	2.05690485133647
9	
9	
12	1.78532983501077
12	1.79239168949825
8	1.74036268949424
8	2.51454775266029
9	2.98811284026835
9	2.50379068305718
9	2.25527250510331
9	2.03742649794062
5	1.57978359661681
1	2.13672056715641
5	2.62428209583567
2	2.69897000433602
6	2.79865064544527
3	2.46982201597816
9	1.69897000433602
6	2.50514997831991
9	2.46982201597816
5	2.10037054511756
8	1.90308998699194
3	2.70757017609794
9	2.81690383937566
9	2.52891670027765
10	2.57170883180869
9	2.77670118398841
9	2.67209785793572
10	2.62117628177504
9	2.3096301674259
9	2.0899051114394
6	2.63948648926859
6	2.6954816764902
6	0.954242509439325
9	2.55630250076729
9	2.89431606268444
9	2.82865989653532
9	2.83695673705955
9	1.89209460269048
9	2.28555730900777
8	2.5705429398819
9	2.56937390961505
14	2.55022835305509
14	2.76192783842053
16	2.69196510276736
16	2.41161970596323
9	2.50650503240487
9	2.58433122436753
6	2.32014628611105
7	2.24551266781415
9	2.48000694295715
9	2.40823996531185
6	2.37657695705651
6	2.1430148002541
5	3.15259407792747
9	1.81291335664286
11	2.61172330800734
9	2.3747483460101
14	2.91115760873998
15	1.79239168949825
16	2.58658730467175
2	2.45331834004704
17	2.23299611039215
14	2.23299611039215
2	2.39093510710338
4	1.85125834871908
12	2.58771096501891
9	1.89762709129044
2	2.50379068305718
4	2.93399316383124
10	2.09691001300806
5	2.3384564936046
9	2.78746047451842
16	1.92427928606188
17	1.92427928606188
16	1.92427928606188
16	1.93951925261862
17	1.89762709129044
6	2.52891670027765
11	2.8819549713396
5	2.44090908206522
15	2.65513843481138
9	2.72916478969277
9	2.17897694729317
3	1.74036268949424
6	2.60314437262018
11	1.96378782734556
9	2.54406804435028
1	2.90036712865647
13	2.68394713075151
10	2.82542611776782
11	1.50514997831991
11	2.17897694729317
14	2.05307844348342
16	1.46239799789896
15	1.46239799789896
16	1.67209785793572
11	1.17609125905568
12	1.89209460269048
4	3.20303288701471
11	2.03342375548695
9	
1	
9	2.30102999566398
10	2.37657695705651
6	2.74741180788642
11	2.19312459835446
11	2.37291200297011
11	3.02612451674545
8	2.54032947479087
9	2.99519629159718
6	2.72754125702856
4	1.49136169383427
2	2.39794000867204
2	2.04532297878666
9	2.63748972951251
6	2.65417654187796
9	2.57403126772772
9	1.77815125038364
17	2.68574173860226
17	2.26481782300954
13	2.24797326636181
6	2.77670118398841
6	2.46834733041216
2	2.20682587603185
2	2.18752072083646
9	2.52891670027765
13	1.78532983501077
6	3.00432137378264
4	1.61278385671974
2	3.00043407747932
4	2.84198480459011
1	2.90794852161227
9	1.94939000664491
9	3.34163233577805
6	2.38738982633873
6	2.69810054562339
6	2.70926996097583
9	2.40312052117582
16	2.49554433754645
16	2.8750612633917
14	2.71011736511182
9	1.9731278535997
14	2.72509452108147
14	1.9731278535997
10	1.90308998699194
9	2.08635983067475
2	2.45636603312904
11	2.24551266781415
13	1.78532983501077
14	2.56584781867352
11	2.43136376415899
9	2.36921585741014
9	2.54777470538782
4	1.14612803567824
11	1.32221929473392
6	2.38201704257487
9	1.88081359228079
9	2.13353890837022
1	2.22271647114758
1	1.44715803134222
1	1.81291335664286
10	2.63648789635337
9	2.56820172406699
9	2.51587384371168
8	2.56348108539441
6	2.26007138798507
4	2.79588001734408
2	2.80071707828238
2	2.61278385671974
11	2.17609125905568
9	2.06069784035361
2	2.61804809671209
2	2.36735592102602
13	1.85733249643127
2	2.69108149212297
1	1.70757017609794
6	2.54406804435028
9	2.11394335230684
10	2.22788670461367
16	1.85125834871908
16	1.80617997398389
17	1.79239168949825
15	2.46089784275655
17	1.8750612633917
16	1.77815125038364
2	2.17609125905568
13	1.82607480270083
9	3.10720996964787
9	2.67024585307412
9	2.9903388547876
9	2.69897000433602
9	2.60422605308447
7	1.14612803567824
2	2.40654018043395
6	2.51719589794997
12	2.63548374681491
9	1.91381385238372
5	2.90254677931399
12	2.29666519026153
4	2.69372694892365
9	2.22271647114758
4	2.83569057149243
9	2.50514997831991
6	2.3096301674259
2	1.63346845557959
2	1.76342799356294
1	2.47129171105894
6	1.51851393987789
3	3.19617618503997
6	1.92941892571429
9	2.24797326636181
14	2.33041377334919
1	2.95375969173323
5	2.7160033436348
1	1.69019608002851
3	2.70926996097583
6	2.72916478969277
1	2.45788189673399
2	1.57978359661681
2	2.09342168516224
4	2.26717172840301
6	2.72098574415374
2	2.81954393554187
4	2.2405492482826
7	2.58883172559421
6	1.76342799356294
5	3.02366391819779
9	2.81424759573192
6	2.84198480459011
11	1.74036268949424
2	1.89762709129044
1	2.40140054078154
9	2.45636603312904
2	2.50242711998443
2	2.27646180417324
1	2.78675142214556
2	2.37839790094814
2	1.27875360095283
2	2.10720996964787
2	2.61804809671209
2	2.46982201597816
9	2.12057393120585
9	2.65030752313194
1	2.53529412004277
8	1.14612803567824
3	2.41497334797082
3	2.32428245529769
2	2.53402610605613
14	2.50785587169583
2	2.38738982633873
2	2.00432137378264
6	2.40993312333129
2	2.26481782300954
2	2.2380461031288
2	2.22010808804006
3	2.17026171539496
2	3.16226561429802
2	2.14921911265538
2	2.73158876518674
16	2.48855071650044
2	2.1430148002541
2	1.17609125905568
15	1.89762709129044
6	2.57749179983723
9	2.59769518592551
2	2.31806333496276
2	3.28080592839367
1	2.63848925695464
9	2.31806333496276
6	2.59988307207369
6	2.64048143697042
6	2.54406804435028
11	2.26951294421792
9	2.16435285578444
9	2.35793484700045
9	2.86332286012046
11	2.31806333496276
2	1.70757017609794
6	2.34635297445064
2	2.21218760440396
2	2.19312459835446
5	3.03502928220237
2	2.63245729218472
9	2.01283722470517
6	2.85247999363686
6	2.56937390961505
9	2.83821922190763
6	2.23552844690755
9	3.21563756343506
2	2.48572142648158
2	3.16316137497702
14	1.78532983501077
17	2.21218760440396
2	2.54777470538782
14	1.9731278535997
17	2.07554696139253
15	2.20139712432045
2	1.99563519459755
6	2.29666519026153
9	2.96284268120124
9	3.00732095292274
8	3.32387060654051
9	2.47421626407626
8	2.53655844257153
9	2.69108149212297
6	2.85125834871908
10	2.3096301674259
9	2.17026171539496
7	2.34635297445064
7	2.08278537031645
7	2.61384182187607
8	2.29225607135648
9	2.39269695325967
4	2.78816837114117
5	2.63748972951251
6	2.68304703823885
6	2.26481782300954
6	2.46239799789896
9	2.51454775266029
8	2.73639650227664
9	2.53147891704225
7	1.88081359228079
5	2.3096301674259
8	2.14921911265538
9	2.64640372622307
9	2.50514997831991
2	2.98677173426624
2	2.70757017609794
2	2.60959440922522
3	2.31806333496276
3	2.08278537031645
5	3.27438879555038
9	1.91907809237607
9	2.74585519517373
6	2.40993312333129
2	3.1092409685882
6	2.57170883180869
9	2.53402610605613
6	2.3324384599156
6	1.92427928606188
9	2.68394713075151
6	2.59439255037543
9	2.5705429398819
11	2.04139268515822
9	2.63548374681491
6	2.1846914308176
9	2.51188336097887
9	2.92272545799326
14	2.80753502806885
4	2.74429298312268
6	2.67760695272049
17	1.8750612633917
6	2.68841982200271
5	2.57634135020579
11	1.56820172406699
9	2.55022835305509
11	2.49554433754645
6	2.02530586526477
17	2.61909333062674
6	2.65513843481138
6	2.65127801399814
2	2.27875360095283
16	1.47712125471966
6	2.8208579894397
5	2.78318869107526
1	2.7427251313047
6	2.26007138798507
5	3.06333335895175
2	2.23044892137827
5	2.73798732633343
2	2.86153441085904
2	2.56229286445647
3	2.88081359228079
6	2.72263392253381
6	2.66651798055488
2	2.48287358360875
2	2.58433122436753
2	2.58206336291171
6	2.96331551138611
8	1.74036268949424
6	2.55144999797287
2	2.46982201597816
2	2.25527250510331
5	2.20411998265592
2	2.40993312333129
3	2.03342375548695
6	2.61066016308988
9	1.89762709129044
9	2.17026171539496
8	2.51719589794997
1	2.06818586174616
4	2.58206336291171
1	2.00432137378264
1	2.39619934709574
9	2.05690485133647
8	2.6570558528571
9	1.96848294855394
9	3.17143390094301
2	2.40654018043395
4	2.51321760006794
8	2.53019969820308
3	2.72591163229505
6	2.47712125471966
9	2.78390357927273
9	3.33984878303764
3	2.22788670461367
6	1.61278385671974
3	1.86332286012046
2	2.36172783601759
6	2.65417654187796
1	2.47567118832443
1	2.52113808370404
2	2.78318869107526
2	2.90145832139611
2	2.55509444857832
2	1.94939000664491
2	2.86628733908419
4	2.8733206018154
2	2.41830129131975
9	2.38738982633873
2	1.57978359661681
2	2.38381536598043
2	2.19033169817029
2	2.53529412004277
2	2.07188200730613
2	2.68663626926229
2	2.39794000867204
2	2.41830129131975
2	2.56937390961505
2	2.51719589794997
2	1.80617997398389
5	2.43933269383026
6	2.70842090013471
5	2.43296929087441
7	2.85430604180108
6	2.62428209583567
2	2.48995847942483
4	2.53529412004277
2	2.58319877396862
1	2.72015930340596
1	1.20411998265592
1	1.41497334797082
9	2.02118929906994
9	3.26646689544024
4	2.13672056715641
5	2.25767857486918
2	1.57978359661681
11	2.59988307207369
2	1.92941892571429
6	3.13703745478951
4	2.9304395947667
17	2.07188200730613
17	3.04805317311561
1	2.54654266347813
16	2.65609820201283
15	2.0899051114394
1	2.58433122436753
15	2.02530586526477
2	1.76342799356294
2	2.57403126772772
1	2.11727129565576
1	2.2380461031288
1	1.44715803134222
8	2.49136169383427
2	2.53781909507327
2	2.46239799789896
2	2.20682587603185
16	2.11394335230684
9	2.56466606425209
11	2.58994960132571
11	2.36361197989214
12	1.96848294855394
1	2.85973856619715
2	1.96378782734556
9	2.51982799377572
16	3.32674537956532
14	2.87737134586977
3	2.55266821611219
2	2.6159500516564
2	2.59769518592551
2	2.55022835305509
6	3.07809415040641
2	1.76342799356294
1	2.48713837547719
9	1.63346845557959
2	2.67760695272049
2	1.7481880270062
9	1.79239168949825
6	1.51851393987789
8	1.74036268949424
9	2.80208925788173
9	1.11394335230684
9	2.49554433754645
2	2.42488163663107
6	2.60314437262018
5	2.38021124171161
9	2.65609820201283
2	2.72263392253381
8	2.36361197989214
9	2.38738982633873
9	2.8767949762007
6	1.72427586960079
1	2.30102999566398
1	3.59977393914639
6	2.65417654187796
9	2.19589965240923
4	2.05307844348342
6	2.78031731214015
14	1.64345267648619
9	1.55630250076729
9	1.79239168949825
9	0.954242509439325
5	2.25527250510331
9	2.43136376415899
9	2.47129171105894
6	2.12057393120585
9	3.21537315278342
9	2.13672056715641
2	1.54406804435028
8	2.17026171539496
2	3.11793383503964
7	2.11058971029925
5	2.2148438480477
6	2.68663626926229
9	2.5327543789925
5	2.55750720190566
9	2.30749603791321
9	2.55144999797287
1	3.001733712809
9	2.68663626926229
9	2.60745502321467
10	2.12057393120585
9	2.30102999566398
6	1.93449845124357
10	2.14921911265538
9	3.0068937079479
11	2.44404479591808
3	2.09691001300806
9	2.86923171973098
15	2.04532297878666
9	2.67117284271508
9	2.72181061521255
9	2.38201704257487
6	2.31386722036915
6	2.56702636615906
5	2.14921911265538
6	1.11394335230684
4	2.1430148002541
6	2.47421626407626
2	2.44247976906445
5	2.87215627274829
6	2.47275644931721
9	2.29003461136252
6	3.06520612805431
6	2.12710479836481
9	3.1092409685882
9	2.63548374681491
6	3.579554960401
5	2.33041377334919
9	2.80208925788173
6	2.40823996531185
11	3.0265332645233
6	2.55990662503611
9	2.51587384371168
11	2.48000694295715
9	2.45178643552429
9	2.66464197555613
11	2.83821922190763
9	2.89817648349768
6	2.71096311899528
9	2.67394199863409
2	2.28555730900777
6	2.23044892137827
6	1.93951925261862
9	2.25285303097989
9	2.03342375548695
11	1.74036268949424
16	
16	1.32221929473392
15	1.11394335230684
4	1.36172783601759
8	2.76117581315573
6	2.73798732633343
9	2.08278537031645
9	2.34439227368511
13	1.7160033436348
9	2.95904139232109
9	3.20655604409903
8	2.44090908206522
1	2.27646180417324
6	2.76789761601809
6	2.77451696572855
6	2.49136169383427
9	1.98227123303957
5	1.49136169383427
2	2.63144376901317
2	3.0948203803548
3	2.76863810124761
9	1.43136376415899
2	2.05690485133647
2	2.63848925695464
2	2.54282542695918
6	2.72345567203519
6	2.36735592102602
9	1.99563519459755
8	2.8998205024271
9	2.49276038902684
16	1.95424250943932
2	2.47567118832443
4	2.31175386105575
6	1.85125834871908
6	2.68930885912362
2	1.38021124171161
2	2.38201704257487
7	2.42813479402879
3	2.86923171973098
10	2.41830129131975
6	2.94001815500766
13	3.34262004255335
11	1.5910646070265
9	2.84447717574568
2	3.05728564441821
2	2.39269695325967
6	2.7419390777292
9	2.76117581315573
6	1.60205999132796
1	1.82607480270083
2	2.45178643552429
9	2.42813479402879
1	2.50514997831991
2	1.93951925261862
9	2.37106786227174
2	2.87852179550121
2	3.06929801211553
6	2.89762709129044
9	2.53907609879278
9	2.31597034545692
2	1.14612803567824
4	1.88081359228079
6	2.68841982200271
4	2.28780172993023
11	2.45636603312904
1	1.56820172406699
9	1.82607480270083
9	
9	1.81954393554187
13	2.50379068305718
15	1.94939000664491
16	2.42160392686983
16	1.7481880270062
14	1.81954393554187
16	1.69019608002851
17	2.63245729218472
14	1.79239168949825
17	2.60205999132796
13	1.92427928606188
14	
13	3.25887662937213
13	1.6232492903979
14	
14	
14	2.16136800223497
17	1.7160033436348
13	
15	1.75587485567249
15	2.49554433754645
15	1.96848294855394
2	2.05307844348342
1	1.98227123303957
11	3.02160271602824
1	1.9731278535997
6	2.1846914308176
2	
6	2.64640372622307
9	2.55388302664387
6	2.30749603791321
9	2.49276038902684
9	2.07918124604762
6	1.86332286012046
2	2.00432137378264
9	2.56937390961505
4	2.70156798505593
6	2.24303804868629
2	1.76342799356294
2	2.55990662503611
4	2.74896286125616
2	2.20682587603185
2	2.16435285578444
2	2.87737134586977
2	2.16435285578444
4	2.55870857053317
8	2.37106786227174
4	1.92427928606188
16	2.7041505168398
16	2.84509804001426
6	1.86923171973098
9	2.73319726510657
2	2.7160033436348
4	2.11058971029925
16	2.62531245096167
6	2.60422605308447
8	3.22141423784234
9	2.11058971029925
4	2.63346845557959
3	2.53147891704225
6	2.15533603746506
2	2.43933269383026
2	1.47712125471966
2	2.68124123737559
2	2.68663626926229
4	3.07881918309885
2	2.63548374681491
9	2.59879050676312
9	2.92890769024395
2	3.26717172840301
2	2.69284691927723
16	2.80345711564841
2	2.3096301674259
2	2.04921802267018
9	2.49136169383427
1	2.86332286012046
9	2.69196510276736
9	2.31597034545692
4	2.34830486304816
6	2.63748972951251
9	2.46686762035411
11	2.46389298898591
9	2.73878055848437
9	2.79239168949825
9	2.33041377334919
9	2.52374646681156
6	2.68124123737559
9	2.34044411484012
9	2.13672056715641
9	2.98900461569854
9	2.25285303097989
9	2.82412583391655
11	2.84135947045485
9	2.63245729218472
2	2.68930885912362
9	2.51982799377572
15	2.54654266347813
1	2.45484486000851
5	2.63042787502502
9	1.04139268515822
2	2.5092025223311
2	2.67942789661212
2	2.46089784275655
14	2.27875360095283
15	2.35793484700045
14	2.55388302664387
15	2.86981820797933
14	2.2380461031288
15	2.55750720190566
15	2.32428245529769
14	2.3541084391474
9	2.77887447200274
2	1.57978359661681
9	1.93449845124357
6	2.59879050676312
9	2.98497712641549
9	3.12710479836481
7	2.45484486000851
9	2.11394335230684
7	2.59879050676312
2	2.89597473235906
6	2.69635638873333
9	2.84385542262316
9	2.67486114073781
9	2.70757017609794
9	2.3747483460101
1	1.92941892571429
13	1.81291335664286
2	2.65417654187796
2	2.72916478969277
14	2.11394335230684
14	1.6232492903979
4	1.23044892137827
6	2.62838893005031
1	2.07188200730613
1	2.78816837114117
16	2.37839790094814
3	2.88874096068289
16	1.90848501887865
9	0.602059991327962
2	2.12385164096709
2	2.19312459835446
7	2.11727129565576
8	2.68033551341456
11	
1	2.67117284271508
2	2.98632377705077
1	2.59769518592551
4	2.66275783168157
9	2.92324401863028
9	2.4456042032736
9	3.0696680969116
5	2.55509444857832
8	2.40483371661994
6	2.17318626841227
5	1.73239375982297
9	2.40823996531185
10	2.55990662503611
6	2.12057393120585
5	2.56348108539441
4	2.39445168082622
2	2.01283722470517
2	2.06818586174616
9	2.30319605742049
9	2.26481782300954
13	2.26007138798507
9	2.30102999566398
6	1.60205999132796
9	2.65321251377534
4	2.11394335230684
4	2.35218251811136
6	2.5910646070265
2	2.17609125905568
6	2.32428245529769
2	2.45024910831936
8	2.58883172559421
6	2.85430604180108
9	3.21801004298436
6	2.17609125905568
6	2.92531209149965
2	2.08278537031645
9	1.43136376415899
9	2.47129171105894
9	2.04139268515822
2	1.89762709129044
9	2.52891670027765
9	2.29446622616159
9	2.55388302664387
9	2.59988307207369
8	2.8208579894397
9	2.72263392253381
9	2.82736927305382
2	2.49136169383427
12	2.64542226934909
2	2.34635297445064
9	2.12057393120585
15	2.12057393120585
15	1.96848294855394
6	2.07188200730613
15	2.49136169383427
9	2.60852603357719
14	2.13672056715641
7	1.77815125038364
2	2.06445798922692
4	3.03382569395331
11	2.26245108973043
11	2.19033169817029
5	2.92272545799326
8	
12	1.90308998699194
6	2.2405492482826
13	
11	2.7664128471124
6	
6	2.6170003411209
6	2.47567118832443
5	2.13987908640124
6	2.90036712865647
9	2.30535136944662
9	2.37839790094814
8	2.72427586960079
9	2.42160392686983
6	2.44247976906445
1	1.7481880270062
6	2.0899051114394
6	2.85308952985187
5	1.96848294855394
9	2.4996870826184
6	2.81954393554187
16	1.97772360528885
5	2.26481782300954
9	2.40312052117582
14	1.60205999132796
6	1.56820172406699
14	1.54406804435028
3	2.60314437262018
2	2.66931688056611
6	2.69983772586725
6	1.8750612633917
10	2.60852603357719
8	2.45939248775923
9	2.86391737695786
8	2.50105926221775
1	1.20411998265592
6	2.9434945159061
9	2.60097289568675
6	3.13545069934551
4	3.04218159451577
1	2.39269695325967
6	2.52891670027765
8	2.50242711998443
9	2.83505610172012
10	1.43136376415899
2	2.10720996964787
9	2.39093510710338
15	2.11394335230684
5	2.6570558528571
9	2.33041377334919
10	1.79934054945358
6	1.85125834871908
9	1.83250891270624
13	0.698970004336019
9	2.2380461031288
4	1.46239799789896
2	2.54654266347813
6	2.36361197989214
13	2.20682587603185
9	2.37106786227174
6	2.43616264704076
6	2.19312459835446
9	2.60314437262018
6	2.69196510276736
6	2.31597034545692
11	2.26481782300954
6	2.07554696139253
9	2.22530928172586
9	2.47712125471966
9	2.40823996531185
6	3.15228834438306
6	2.53147891704225
5	
16	
4	
5	2.25285303097989
12	2.16731733474818
1	2.09342168516224
6	2.4996870826184
9	1.46239799789896
1	1.32221929473392
2	2.54032947479087
1	2.3384564936046
2	1.49136169383427
2	1.89762709129044
2	2.02938377768521
2	2.85186960072977
2	2.5327543789925
2	2.4456042032736
1	2.89097959698969
10	2.60422605308447
6	2.81491318127507
9	2.53147891704225
6	2.70671778233676
9	1.32221929473392
9	2.73639650227664
6	2.48713837547719
4	2.40140054078154
2	2.68752896121463
2	2.53781909507327
6	1.44715803134222
4	2.83505610172012
9	2.98944981766669
2	2.67209785793572
2	2.75358305889291
14	
2	2.75127910398334
9	2.72672720902657
9	2.37657695705651
9	2.07188200730613
6	1.95424250943932
8	2.52374646681156
12	2.1846914308176
4	3.0565237240791
8	2.82930377283102
13	3.10002573010786
3	2.34830486304816
2	2.89597473235906
8	1.86332286012046
13	2.90741136077459
12	3.20790353038605
11	2.37291200297011
2	2.25042000230889
2	2.25767857486918
6	1.20411998265592
2	1.72427586960079
2	1.38021124171161
2	2.27646180417324
3	2.45636603312904
2	1.41497334797082
2	2.13353890837022
11	2.16435285578444
2	1.20411998265592
2	1.89209460269048
2	2.64640372622307
4	2.2718416065365
7	1.98227123303957
9	2.78816837114117
5	2.47275644931721
4	1.85733249643127
11	2.04139268515822
6	2.10037054511756
8	2.65801139665711
9	2.76937732607614
5	2.52504480703684
2	2.06445798922692
9	2.75127910398334
8	2.63648789635337
6	2.71850168886727
1	2.37839790094814
1	2.58771096501891
1	1.90308998699194
1	2.44870631990508
14	1.30102999566398
6	2.13353890837022
5	2.29225607135648
2	1.73239375982297
3	3.11627558758054
9	2.57518784492766
3	3.13924921757161
3	3.00774777800074
14	2.55388302664387
2	2.91750550955255
6	2.38201704257487
2	2.18752072083646
2	2.57170883180869
15	2.72754125702856
12	2.80482067872116
9	3.22297644989339
6	2.95760728706009
6	2.71683772329952
6	2.84447717574568
9	2.43775056282039
2	2.17609125905568
9	2.17897694729317
9	2.38381536598043
6	2.6170003411209
9	2.07188200730613
2	2.76937732607614
2	2.74585519517373
9	2.16136800223497
10	2.26245108973043
9	2.69810054562339
9	2.25767857486918
8	1.56820172406699
6	2.55266821611219
6	1.93449845124357
2	2.23299611039215
4	2.62940959910272
2	3.11058971029925
2	2.24797326636181
2	2.53147891704225
2	1.60205999132796
2	2.86093662070009
1	3.01325866528352
1	2.7160033436348
6	2.86510397464113
9	1.69019608002851
3	2.36172783601759
4	2.88138465677057
9	2.6730209071289
4	2.74663419893758
3	2.7481880270062
6	2.98944981766669
5	2.79169064902012
4	2.18752072083646
13	1.75587485567249
2	2.52244423350632
2	2.43296929087441
12	2.60852603357719
9	2.56937390961505
3	2.45024910831936
2	1.51851393987789
2	3.10037054511756
2	2.13987908640124
2	1.90848501887865
3	2.43775056282039
6	1.51851393987789
11	2.56702636615906
6	1.61278385671974
2	1.07918124604762
8	2.59769518592551
9	2.61172330800734
9	2.90794852161227
4	2.76492298464989
10	2.62117628177504
2	2.16435285578444
4	2.41329976408125
7	2.62428209583567
8	2.59217675739587
2	2.05307844348342
11	2.74429298312268
9	2.56820172406699
3	0.954242509439325
9	2.82801506422398
2	2.66086547800387
7	2.71767050300226
5	2.15836249209525
11	2.63848925695464
2	1.93449845124357
2	2.59769518592551
7	2.26481782300954
6	2.70070371714502
9	2.75587485567249
6	2.3747483460101
13	2.47275644931721
5	2.64738297011462
4	2.76863810124761
3	2.71683772329952
6	3.11925588927794
5	2.45636603312904
9	2.88081359228079
6	2.6170003411209
6	2.36735592102602
6	3.09377178149873
8	3.20139712432045
8	1.88081359228079
5	2.30535136944662
4	3.20357677497797
10	2.70329137811866
10	2.34830486304816
6	1.43136376415899
1	2.21748394421391
2	3.25430633233129
2	1.83250891270624
2	2.51587384371168
2	2.17318626841227
16	2.22271647114758
2	2.5854607295085
9	2.67024585307412
9	2.34830486304816
5	2.31175386105575
9	2.07918124604762
6	2.46686762035411
8	2.13987908640124
11	2.61384182187607
11	2.41497334797082
9	
8	1
6	2.53655844257153
2	2.70156798505593
2	1.81291335664286
2	2.54530711646582
1	2.36735592102602
2	1.85125834871908
2	2.03742649794062
5	2.65609820201283
8	2.64345267648619
2	1.81954393554187
5	2.22010808804006
4	2.72345567203519
9	2.29225607135648
9	1.70757017609794
4	2.80888586735981
13	2.76417613239033
11	2.57170883180869
5	2.67486114073781
9	1.76342799356294
9	2.39269695325967
6	2.95712819767681
6	1.47712125471966
2	2.58771096501891
9	2.4983105537896
5	1.96378782734556
2	2.2148438480477
2	2.35024801833416
2	2.75663610824585
4	2.52113808370404
14	2.62736585659273
5	1.39794000867204
5	2.50514997831991
1	2.77742682238931
11	1.44715803134222
17	2.25285303097989
12	3.01577875638904
5	2.72835378202123
8	2.96425963019685
2	2.76715586608218
6	2.82151352840477
8	3.37621185028267
11	2.19865708695442
10	2.81023251799508
9	1.30102999566398
13	2.23552844690755
5	2.36921585741014
8	2.78532983501077
2	2.81224469680037
11	1.96378782734556
2	2.62940959910272
6	2.61909333062674
13	1.46239799789896
9	1.54406804435028
11	2.1846914308176
5	1.79239168949825
9	2.51054501020661
2	2.63948648926859
9	2.78103693862113
9	2.66931688056611
6	2.23552844690755
9	2.31386722036915
4	1.07918124604762
14	2.38916608436453
9	1.80617997398389
1	2.72835378202123
2	2.62428209583567
6	2.72591163229505
9	1.8750612633917
2	1.56820172406699
12	1.97772360528885
6	2.65224634100332
9	1.51851393987789
13	1.79934054945358
9	2.44404479591808
8	2.03742649794062
6	2.00860017176192
6	2.72345567203519
8	2.25767857486918
5	1.94939000664491
11	1.32221929473392
5	2.62428209583567
5	2.32633586092875
9	2.64738297011462
9	1.83884909073726
13	2.72591163229505
4	1.73239375982297
7	2.39269695325967
9	1.64345267648619
2	3.13097669160562
4	2.26245108973043
6	2.47712125471966
1	2.64246452024212
11	2.06818586174616
9	2.61278385671974
9	1.83884909073726
2	2.74585519517373
2	2.28103336724773
15	2.28103336724773
2	2.55144999797287
9	2.50785587169583
6	1.89762709129044
5	2.85125834871908
5	2.55630250076729
5	2.05307844348342
10	2.3324384599156
2	1.86923171973098
1	2.29003461136252
6	1.11394335230684
1	2.25285303097989
9	2.47567118832443
2	2.79239168949825
2	2.44870631990508
6	2.40823996531185
2	2.13353890837022
2	2.57403126772772
9	2.68574173860226
9	2.38201704257487
10	2.76192783842053
2	1.95424250943932
9	2.17897694729317
6	3.15228834438306
9	2.26717172840301
6	2.36361197989214
11	2.6414741105041
2	2.65417654187796
2	2.80413943233535
2	2.26245108973043
2	2.70842090013471
2	2.71011736511182
6	2.75204844781944
2	2.72835378202123
1	2.70243053644553
5	2.27875360095283
6	1.93951925261862
11	2.62428209583567
9	2.68484536164441
9	2.19865708695442
9	2.91750550955255
9	2.20682587603185
9	2.14612803567824
9	1.78532983501077
1	2.03342375548695
3	1.34242268082221
6	2.72835378202123
3	2.5092025223311
8	0.954242509439325
10	2.40993312333129
13	1.11394335230684
6	3.15075643986031
6	2.74115159885178
10	2.54530711646582
11	2.04139268515822
11	1.91381385238372
2	2.67486114073781
6	2.69460519893357
6	2.66745295288995
6	2.40312052117582
9	2.19589965240923
9	1.92941892571429
11	1.66275783168157
16	2.4456042032736
1	2.35024801833416
4	2.41664050733828
6	2.60097289568675
6	2.57863920996807
9	2
9	2.48713837547719
1	2.72916478969277
14	2.8733206018154
16	2.13353890837022
13	1.83884909073726
11	1.80617997398389
14	1.69019608002851
1	1.65321251377534
9	2.64048143697042
9	2.88874096068289
9	2.72098574415374
6	2.76566855475901
9	2.84135947045485
9	2.32633586092875
9	2.17026171539496
12	1.89209460269048
16	1.95904139232109
1	2.67577834167408
4	3.25647720624168
1	2.34242268082221
1	2.67851837904011
6	2.55388302664387
8	2.83695673705955
4	1.66275783168157
2	1.5910646070265
2	2.29003461136252
6	2.28330122870355
9	2.66086547800387
9	2.24797326636181
9	2.55870857053317
9	2.83695673705955
6	2.53655844257153
8	1.8750612633917
5	2.83758843823551
3	2.16435285578444
4	2.49276038902684
16	2.67024585307412
9	2.13672056715641
16	2.30319605742049
16	1.96378782734556
9	1.81954393554187
7	1.80617997398389
11	2.16136800223497
9	1.63346845557959
11	1.51851393987789
9	2.72509452108147
9	2.06069784035361
9	2.33645973384853
10	2.84198480459011
9	2.47712125471966
9	2.00432137378264
8	2.59549622182557
9	2.7979596437372
9	1.41497334797082
9	2.06445798922692
9	2.66931688056611
9	2.41664050733828
9	1.95904139232109
6	2.72345567203519
15	1.74036268949424
9	2.87390159786446
9	2.42651126136458
9	2.58206336291171
7	3.05384642685225
11	2.91645394854992
11	2.46538285144842
11	1.04139268515822
4	2.53781909507327
6	2.38201704257487
7	2.63144376901317
9	2.29225607135648
6	2.64933485871214
4	2.63447727016073
11	2.49415459401844
1	2.42324587393681
9	1.91907809237607
9	2.13987908640124
2	2.63245729218472
7	2.31806333496276
6	1.8750612633917
6	2.15533603746506
6	2.60852603357719
6	2.45788189673399
6	2.46389298898591
13	1.47712125471966
14	2.43296929087441
2	2.62940959910272
2	2.86805636182304
2	2.83378437465648
7	2.72754125702856
6	2.28103336724773
4	2.48000694295715
2	2.70671778233676
2	2.59328606702046
6	2.80821097292422
9	2.26717172840301
8	3.02077548819356
6	2.64640372622307
9	2.68574173860226
2	1.91907809237607
4	2.58092497567562
5	2.22010808804006
2	3.12024479554636
3	2.75204844781944
3	2.08635983067475
11	1.47712125471966
5	1.34242268082221
1	1.80617997398389
2	2.20951501454263
2	2.52244423350632
9	1.55630250076729
4	1.41497334797082
2	2.65417654187796
1	2.66745295288995
2	2.13672056715641
2	2.78532983501077
2	2.35983548233989
1	2.82736927305382
11	2.22530928172586
4	2.79169064902012
4	2.17609125905568
5	1.79934054945358
11	2.96378782734556
5	1.46239799789896
9	1.63346845557959
9	2.31597034545692
8	2.34044411484012
9	2.20411998265592
9	2.31806333496276
9	2.6232492903979
9	2.44090908206522
6	2.57978359661681
16	2.83378437465648
9	2.40312052117582
5	2.88592633980143
6	2.78175537465247
8	2.7041505168398
1	2.70586371228392
9	2.57403126772772
6	2.52504480703684
1	1.47712125471966
11	1.94939000664491
9	2.15228834438306
6	2.36921585741014
6	2.9712758487381
6	2.44090908206522
2	2.67024585307412
2	1.81954393554187
6	2.77959649125782
6	2.61489721603313
9	2.13987908640124
14	2.34439227368511
6	1
2	2.65224634100332
2	2.75050839485135
6	2.15228834438306
1	2.72181061521255
2	2.32221929473392
3	2.96614173273903
1	2.37839790094814
3	2.55750720190566
1	3.03302144468291
1	1.94939000664491
6	1.95904139232109
1	2.92479599579791
2	2.44247976906445
6	1.89762709129044
5	2.19589965240923
5	2.92531209149965
1	2.47275644931721
2	2.93348728784871
5	3.088844562727
5	1.76342799356294
2	2.08278537031645
9	1.47712125471966
14	2.28780172993023
15	2.28780172993023
17	2.32633586092875
15	2.82607480270083
1	2.63848925695464
1	2.62428209583567
2	2.65030752313194
14	2.67024585307412
16	2.80140371001735
2	2.959518376973
2	2.61172330800734
1	2.07554696139253
5	2.31386722036915
4	2.77524625974024
9	2.79518458968242
10	2.67486114073781
8	2.50105926221775
5	2.85247999363686
2	2.34635297445064
11	2.77451696572855
9	2.71264970162721
4	2.83314711191278
4	1.77815125038364
6	2.51054501020661
2	2.47129171105894
6	2.79028516403324
4	2.08278537031645
6	2.92116605063774
9	2.54406804435028
5	3.01577875638904
15	2.26245108973043
9	2.16136800223497
9	2.39445168082622
2	2.86332286012046
2	2.26481782300954
2	2.26717172840301
2	2.30535136944662
8	2.67117284271508
2	2.4345689040342
16	3.10277661488344
2	2.62736585659273
2	2.70070371714502
2	2.23044892137827
4	1.47712125471966
2	2.2718416065365
2	1.27875360095283
2	2.52504480703684
2	2.56110138364906
10	2.19312459835446
1	2.33645973384853
2	2.66558099101795
1	1.5910646070265
11	1.43136376415899
11	2.01703333929878
11	1.77085201164214
12	2.14921911265538
15	1.94939000664491
9	2.89817648349768
12	2.72591163229505
9	2.15836249209525
6	2.58771096501891
2	1.07918124604762
4	2.73639650227664
5	3.13735411137073
9	2.90848501887865
6	2.45331834004704
13	2.54777470538782
14	3.56937390961505
9	2.86213137931304
10	1.53147891704226
11	2.83632411570675
9	3.08778141780954
9	
14	2.98091193777684
4	2.98407703390283
10	2.07554696139253
15	2.33445375115093
5	2.67117284271508
6	2.46239799789896
9	1.96378782734556
13	2.67851837904011
14	2.55266821611219
10	2.84135947045485
10	3.26646689544024
4	2.69460519893357
14	2.10037054511756
9	2.25767857486918
5	2.10380372095596
15	2.52762990087134
9	1.56820172406699
9	2.70671778233676
9	2.66275783168157
14	2.67760695272049
6	2.77670118398841
15	2.15228834438306
14	2.11394335230684
11	2.58658730467175
11	2.85672889038288
6	2.22010808804006
17	2.1846914308176
9	2.52762990087134
6	2.85913829729453
9	2.47129171105894
11	2.69019608002851
16	2.05690485133647
16	2.89431606268444
9	2.30319605742049
17	2.34439227368511
14	2.52762990087134
9	2.4814426285023
7	2.57170883180869
6	2.5854607295085
12	1.77815125038364
6	2.59879050676312
14	2.66931688056611
15	2.2380461031288
6	3.01283722470517
16	2.78390357927273
8	2.78604121024255
7	2.13353890837022
11	
9	1.14612803567824
6	2.95999483832842
14	2.65127801399814
10	3.15075643986031
11	2.89042101880091
4	1.92427928606188
10	2.26951294421792
17	2.81954393554187
15	
9	3.32531037171106
4	3.04999285692014
14	2.07188200730613
15	2.76566855475901
4	3.05307844348342
6	2.52633927738984
5	2.81023251799508
6	2.57287160220048
2	2.45636603312904
2	2.06069784035361
2	1.44715803134222
9	2.76342799356294
2	2.90955602924118
2	2.75663610824585
2	2.49554433754645
2	2.38201704257487
6	2.17026171539496
2	2.52891670027765
2	2.73878055848437
2	2.03342375548695
2	1.67209785793572
6	2.38201704257487
2	2.55870857053317
2	2.90363251608424
4	2.39619934709574
2	2.06445798922692
2	2.7427251313047
1	1.97772360528885
9	1.50514997831991
1	2.73639650227664
6	1.41497334797082
9	1.97772360528885
1	3.03342375548695
2	2.88252453795488
10	2.37106786227174
4	2.24303804868629
3	2.72098574415374
6	2.6222140229663
6	2.37106786227174
2	1.41497334797082
6	2.96331551138611
14	2.83505610172012
5	2.70243053644553
6	2.46389298898591
5	2.49692964807321
2	2.72345567203519
6	2.10037054511756
6	2.37657695705651
6	2.42160392686983
6	2.88252453795488
9	2.7419390777292
1	2.33041377334919
11	2.56820172406699
6	2.1430148002541
6	2.65224634100332
2	2.54282542695918
2	2.52504480703684
1	1.77085201164214
6	1.5910646070265
11	2.55750720190566
4	2.71767050300226
4	2.07188200730613
6	2.41995574848976
9	3.02242837118549
9	2.69897000433602
6	2.83884909073725
5	2.02118929906994
6	3.12775251583297
3	2.49276038902684
6	2.61172330800734
1	2.26245108973043
2	2.13033376849501
6	2.93951925261862
11	2.29225607135648
11	2.9304395947667
9	1.55630250076729
9	2.50785587169583
9	3.03342375548695
9	2.9712758487381
9	2.33645973384853
11	2.22788670461367
2	3.0111473607758
12	3.15289959639375
2	2.67209785793572
8	2.24797326636181
4	2.77451696572855
3	2.66651798055488
9	2.55388302664387
4	2.57978359661681
7	2.61066016308988
3	2.32837960343874
9	2.70070371714502
6	2.11394335230684
9	2.20139712432045
4	2.35983548233989
9	2.29885307640971
6	1.85125834871908
4	2.84447717574568
5	2.56110138364906
10	2.35602585719312
6	2.43775056282039
5	2.72427586960079
4	2.68930885912362
9	2.7427251313047
6	2.97173959088778
6	1.76342799356294
1	2.54530711646582
2	2.52113808370404
14	2
11	2.12057393120585
14	1.82607480270083
14	1.92427928606188
16	1.89209460269048
2	2.36172783601759
2	1.25527250510331
2	1.86923171973098
9	2.81157500587059
14	2.17609125905568
2	1.96378782734556
2	2.22530928172586
5	2.35793484700045
1	2.08278537031645
1	2.86628733908419
2	2.24551266781415
9	2.45024910831936
2	2.47712125471966
2	1.65321251377534
8	2.48429983934679
8	1.82607480270083
4	1.54406804435028
5	1.39794000867204
2	2.19865708695442
2	2.16435285578444
7	2.20411998265592
4	2.92479599579791
6	2.17026171539496
5	1.60205999132796
2	
2	2.38560627359831
4	2.06818586174616
2	2.67942789661212
9	3.43885865942056
6	
2	
10	1.17609125905568
6	2.7160033436348
6	2.14921911265538
9	2.19865708695442
3	1.36172783601759
2	
1	1.89762709129044
2	2.49136169383427
2	2.77742682238931
2	2.65513843481138
2	1.68124123737559
2	2.84571801796666
4	2.63648789635337
2	2.68663626926229
2	2.29225607135648
6	2.33041377334919
9	0.477121254719662
2	2.81358098856819
2	2.38021124171161
7	1.32221929473392
3	2.37839790094814
6	2.6954816764902
6	2.91855453055027
2	2.27646180417324
2	2.3654879848909
6	2.35793484700045
2	2.45484486000851
11	2.21748394421391
11	2.61384182187607
9	2.19589965240923
4	2.59769518592551
2	2.66181268553726
6	1.50514997831991
5	2.15533603746506
6	2.68752896121463
5	3.08350261983027
3	2.32428245529769
9	2.47712125471966
2	2.71349054309394
2	2.62940959910272
2	2.00432137378264
15	1.90848501887865
16	1.89762709129044
2	2.74507479158206
15	2.54777470538782
11	1.55630250076729
2	2.82930377283102
6	1.9731278535997
14	1.90848501887865
15	2.04139268515822
2	2.5092025223311
2	1.86923171973098
2	2.13672056715641
16	3.01703333929878
2	2.58319877396862
2	1.8750612633917
2	1.98677173426624
14	2.34242268082221
2	2.87909587950007
2	2.35218251811136
2	2.45024910831936
5	2.75127910398334
1	1.89762709129044
9	1.79239168949825
2	1.57978359661681
11	2.39445168082622
9	2.13672056715641
6	3.19089171692217
4	2.18184358794477
2	2.31806333496276
2	2.47856649559384
2	3.15106325335375
2	2.72997428569956
2	2.57863920996807
5	2.4983105537896
7	2.26481782300954
6	2.28103336724773
6	2.11058971029925
9	2.44870631990508
9	1.96378782734556
2	1.7481880270062
1	1.85733249643127
2	2.51454775266029
4	2.10380372095596
2	2.82994669594164
8	1.75587485567249
6	2.68484536164441
2	1.82607480270083
14	2.60959440922522
4	2.51321760006794
13	1.97772360528885
2	2.25285303097989
6	2.49554433754645
3	2.9329808219232
2	2.44090908206522
2	2.46389298898591
1	2.58206336291171
9	2.6170003411209
1	2.45788189673399
1	1.95424250943932
15	
6	1.89762709129044
6	2.90794852161227
6	2.38381536598043
4	2.05690485133647
2	2.20139712432045
2	2.09691001300806
1	2.73158876518674
1	2.42488163663107
2	2.98181860717066
2	2.66370092538965
9	2.59439255037543
1	2.05307844348342
2	2.37291200297011
2	3.001733712809
2	2.69722934275972
1	1.74036268949424
2	2.84135947045485
2	2.86746748785905
4	1.55630250076729
9	2.22010808804006
5	2.32428245529769
2	2.70156798505593
9	3.09760432887441
7	2.42160392686983
6	2.32221929473392
11	2.35024801833416
6	2.44870631990508
4	2.22271647114758
9	1.92427928606188
4	2.51587384371168
2	2.38916608436453
2	3.1978316933289
12	2.35024801833416
2	2.76342799356294
2	2.61489721603313
2	2.47856649559384
2	2.48429983934679
2	2.94250410616808
2	2.84073323461181
2	1.98677173426624
2	2.25767857486918
6	2.39967372148104
2	2.59549622182557
2	2.50785587169583
2	2.80617997398389
2	2.35218251811136
2	2.60745502321467
2	3.64087877870162
6	2.1846914308176
2	2.79169064902012
2	2.34044411484012
9	2.29666519026153
6	2.78318869107526
2	2.72015930340596
2	2.59439255037543
2	1.04139268515822
4	2.39093510710338
6	2.55630250076729
5	1.54406804435028
3	2.77670118398841
2	2.28780172993023
2	2.67209785793572
2	2.54654266347813
4	2.66931688056611
6	3.06557971472845
4	2.78031731214015
5	2.54032947479087
5	2.0899051114394
2	2.66745295288995
2	2.9237619608287
2	1.43136376415899
1	2.52374646681156
4	3.03302144468291
5	1.49136169383427
6	1.96378782734556
2	2.26481782300954
5	2.66651798055488
2	2.06818586174616
9	3.24748226067705
6	2.39445168082622
5	2.67394199863409
5	2.74585519517373
2	2.4456042032736
14	2.39269695325967
13	2.18752072083646
2	1.98677173426624
14	2.41161970596323
2	1.95904139232109
2	2.46389298898591
2	1.73239375982297
2	3.0618293072947
4	2.72015930340596
2	2.51851393987789
3	2.44715803134222
2	1.99563519459755
2	2.69284691927723
14	
3	2.28780172993023
9	1.86332286012046
4	2.66745295288995
2	2.64443858946784
2	1.39794000867204
2	2.29225607135648
3	2.18752072083646
5	2.16136800223497
6	2.99211148778695
2	1.47712125471966
1	1.94939000664491
1	2.84447717574568
2	2.68394713075151
8	2.06445798922692
11	2.47567118832443
11	1.95904139232109
10	2.43296929087441
2	2.3654879848909
2	2.62013605497376
2	2.41830129131975
9	2.21218760440396
2	1.30102999566398
2	1.83250891270624
2	2.2718416065365
4	2.64738297011462
5	2.07188200730613
3	2.60422605308447
1	2.57170883180869
2	2.19865708695442
2	2.23044892137827
6	1.25527250510331
14	1.8750612633917
15	1.92941892571429
15	1.92941892571429
15	2.34439227368511
14	1.56820172406699
14	1.8750612633917
16	2.06818586174616
12	0.301029995663981
16	1.64345267648619
16	2.78103693862113
16	2.68930885912362
16	2.63648789635337
16	2.59988307207369
15	2.56229286445647
16	2.19589965240923
6	2.71096311899528
6	2.29225607135648
6	
9	
6	2.53147891704225
9	2.19865708695442
17	2.02938377768521
17	1.77085201164214
16	1.74036268949424
9	2.57978359661681
6	2.71516735784846
4	1.94448267215017
2	2.21218760440396
9	2.12385164096709
1	1.5910646070265
2	3.49996186559619
2	1.23044892137827
11	3.18667386749974
9	2.99255351783214
2	2.9216864754836
2	1.98677173426624
2	3.05307844348342
6	2.3654879848909
6	2.61909333062674
6	2.54282542695918
6	2.08278537031645
6	2.70243053644553
2	2.5327543789925
8	2.46686762035411
9	2.16435285578444
1	2.32014628611105
5	1.8750612633917
6	2.77451696572855
1	3.11293997608408
2	2.39967372148104
2	2.67577834167408
2	1.5910646070265
3	1.84509804001426
9	1.41497334797082
6	2.46686762035411
9	1.72427586960079
8	1.81291335664286
1	2.79448804665917
2	2.27415784926368
4	2.95375969173323
4	2.08278537031645
4	1.61278385671974
9	2.73479982958885
3	1.47712125471966
6	1.80617997398389
3	1.83884909073726
1	2.04532297878666
2	2.13353890837022
1	1.51851393987789
5	1.83884909073726
17	3.23019337886905
3	2.37291200297011
1	1.7481880270062
3	2.00860017176192
6	2.59217675739587
9	3.34966598409663
9	2.61804809671209
2	1.30102999566398
1	1.73239375982297
1	3.10414555055401
1	2.45636603312904
2	2.62736585659273
2	2.01283722470517
9	2.46686762035411
6	2.38916608436453
4	2.26245108973043
4	2.64246452024212
9	2.65417654187796
2	2.38560627359831
6	2.62428209583567
9	2.29225607135648
2	2.23552844690755
2	2.28780172993023
2	2.62117628177504
2	2.68033551341456
2	2.41161970596323
11	1.94939000664491
15	
9	2.68663626926229
6	2.52762990087134
2	2.41329976408125
2	2.39445168082622
2	2.59217675739587
2	2.36735592102602
2	2.42324587393681
6	2.61489721603313
15	2.67394199863409
14	2.91592721169712
5	2.6063813651106
16	2.70926996097583
2	2.63948648926859
2	2.76042248342321
2	2.46389298898591
2	2.54032947479087
5	2.59659709562646
2	2.79657433321043
9	2.68033551341456
8	2.63245729218472
5	2.72754125702856
2	2.34830486304816
2	1.46239799789896
11	2.68124123737559
9	2.06445798922692
6	2.55630250076729
2	2.72672720902657
2	2.44715803134222
5	2.88252453795488
3	2.8494194137969
2	1.50514997831991
15	2.50379068305718
9	3.04218159451577
9	2.90579588036787
17	3.42094540592197
9	2.46389298898591
2	2.79309160017658
6	2.67851837904011
2	2.91539983521227
16	2.97543180850926
9	2.56584781867352
2	2.60314437262018
15	1.85733249643127
2	1.95424250943932
16	2.86510397464113
2	1.5910646070265
2	2.25042000230889
2	2.12057393120585
2	2.16435285578444
2	1.90848501887865
6	2.76267856372744
11	2.50650503240487
10	2.94987770403687
8	2.74115159885178
16	3.00346053210951
5	2.96848294855393
2	2.74429298312268
1	2.87737134586977
2	2.33645973384853
2	3.01283722470517
2	2.16435285578444
3	2.75891189239797
4	2.33041377334919
9	1.77815125038364
2	2.05307844348342
2	2.19865708695442
4	2.40483371661994
6	2.6954816764902
2	2.38201704257487
2	2.36361197989214
1	2.80071707828238
4	3.13161866434913
4	2.7041505168398
9	2.19033169817029
9	2.71516735784846
1	2.38560627359831
1	2.07554696139253
6	2
5	2.51321760006794
9	2.38916608436453
9	1.66275783168157
2	2.21218760440396
9	2.07554696139253
9	2.61278385671974
2	1.9731278535997
1	2.75358305889291
4	2.43616264704076
2	1.68124123737559
16	2.48713837547719
2	2.30535136944662
2	2.39619934709574
2	2.59439255037543
6	2.57170883180869
7	2.39794000867204
9	2.78604121024255
11	1.77815125038364
6	2.73399928653839
6	2.88986172125819
6	2.4983105537896
6	2.33445375115093
11	2.02938377768521
8	2.31386722036915
9	2.60852603357719
9	2.74115159885178
6	1.84509804001426
16	2.07188200730613
2	2.35983548233989
2	2.42488163663107
6	2.79865064544527
9	2.2380461031288
9	2.79518458968242
9	1.98227123303957
8	3.07188200730613
2	2.52113808370404
2	2.47421626407626
5	2.79448804665917
6	2.0899051114394
7	1.27875360095283
6	1.90848501887865
2	2.65224634100332
16	2.81557774832427
17	1.92427928606188
16	1.76342799356294
15	2
6	1.30102999566398
14	2.44715803134222
15	
6	2.63848925695464
14	1.53147891704226
11	1.79239168949825
2	3.08098704691089
2	2.41497334797082
6	2.04532297878666
2	1.99563519459755
3	2.83250891270624
2	2.15228834438306
2	2.50379068305718
2	2.53655844257153
2	2.81491318127507
2	2.65513843481138
2	2.60422605308447
1	2.63848925695464
2	2.61066016308988
2	2.54032947479087
2	1.78532983501077
2	2.59328606702046
2	2.49692964807321
4	3.1861083798132
8	1.79239168949825
9	2.10720996964787
2	2.17897694729317
2	2.39093510710338
2	2.53529412004277
2	2.95856388322197
2	2.33645973384853
2	2.39093510710338
2	2.35602585719312
2	2.34044411484012
2	2.95856388322197
2	2.77085201164214
2	1.88081359228079
4	2.57749179983723
4	3.16016829295851
6	2.97266559226611
9	2.8228216453031
9	2.43296929087441
9	2.20682587603185
9	2.53147891704225
9	1.17609125905568
9	2.07188200730613
11	2.10380372095596
9	2.13353890837022
2	2.72015930340596
15	2.24551266781415
9	2.60852603357719
9	2.77085201164214
9	2.38021124171161
9	1.56820172406699
9	2.06445798922692
9	1.65321251377534
9	2.05307844348342
2	2.31175386105575
2	2.53147891704225
2	2.51982799377572
9	2.16731733474818
9	2.50242711998443
5	3.00259798071991
4	2.69722934275972
5	2.44715803134222
1	3.123198075032
9	2.44404479591808
8	2.37106786227174
2	2.02118929906994
9	2.76267856372744
9	2.91009054559407
9	2.4456042032736
5	2.35218251811136
6	2.39794000867204
6	2.78461729263288
9	2.65321251377534
1	0.954242509439325
2	2.45178643552429
6	2.86864443839483
2	2.35218251811136
2	2.38916608436453
2	2.42975228000241
2	2.52504480703684
9	2.15228834438306
2	2.62838893005031
9	1.9731278535997
6	2.21748394421391
3	1.86332286012046
5	2.36735592102602
2	2.8494194137969
5	2.16435285578444
2	2.56820172406699
4	3.55035067230161
2	2.90471554527868
2	2.92685670894969
2	2.8750612633917
2	2.70329137811866
2	2.38916608436453
2	1.34242268082221
2	2.47856649559384
2	2.52113808370404
6	2.3541084391474
2	2.84010609445676
2	2.8488047010518
2	1.97772360528885
2	2.38021124171161
6	2.35793484700045
2	1.95424250943932
2	2.03742649794062
2	3.04766419460156
1	2.32014628611105
6	1.64345267648619
2	2.44090908206522
2	2.49136169383427
6	2.63447727016073
2	2.03342375548695
2	2.55266821611219
5	2.48429983934679
2	2.66558099101795
2	2.48572142648158
1	2.72916478969277
2	2.71432975974523
2	1.94448267215017
2	2.46538285144842
3	2.36735592102602
14	2.72754125702856
2	
9	2.91009054559407
2	2.3747483460101
2	1.91907809237607
6	0.954242509439325
2	2.86746748785905
2	1.67209785793572
2	2.43296929087441
2	1.93951925261862
4	2.62531245096167
2	2.63648789635337
2	2.53402610605613
2	1.07918124604762
11	2.92064500140679
11	2.35218251811136
5	1.90308998699194
2	2.47129171105894
2	3.13703745478951
2	
4	1.93951925261862
4	2.40993312333129
2	2.6222140229663
5	2.87794695162919
9	2.60852603357719
6	2.10037054511756
15	1.8750612633917
14	2.36361197989214
14	2.34635297445064
16	1.25527250510331
15	1.93449845124357
6	2.63648789635337
5	1.98677173426624
16	1.8750612633917
14	1.89762709129044
15	2.36921585741014
9	2.42975228000241
7	2.65513843481138
6	2.23044892137827
6	1.99563519459755
6	2.22530928172586
2	2.52113808370404
3	2.59328606702046
3	2.34439227368511
2	2.3654879848909
9	2.34044411484012
5	2.58883172559421
9	2.42488163663107
9	2.68124123737559
9	1.94939000664491
5	2.51719589794997
6	2.15836249209525
5	2.50650503240487
6	2.64048143697042
6	2.46686762035411
5	2.09691001300806
4	3.05880548667591
6	2.74115159885178
5	2.11727129565576
6	2.51321760006794
6	2.71767050300226
5	2.73479982958885
6	2.36735592102602
6	2.40654018043395
4	2.67942789661212
5	2.05307844348342
5	2.20411998265592
6	1.65321251377534
6	2.16136800223497
2	3.37069809257558
2	2.25042000230889
9	2.41830129131975
1	2.39445168082622
6	2.50514997831991
9	2.61909333062674
7	2.83505610172012
9	3.24477176149529
6	2.33645973384853
5	2.70586371228392
9	2.37106786227174
9	2.51188336097887
1	2.57863920996807
9	2.69722934275972
3	2.76192783842053
6	2.73319726510657
2	1.25527250510331
9	2.80002935924413
16	2.14921911265538
16	2.30535136944662
16	1.93449845124357
16	2.55990662503611
6	1.98677173426624
15	1.51851393987789
14	1.51851393987789
9	2.73719264270474
1	1.88081359228079
11	2.37106786227174
4	2.48572142648158
11	2.50105926221775
9	2.54777470538782
6	2.23299611039215
16	2.11727129565576
9	2.66370092538965
11	1.49136169383427
8	2.69372694892365
4	1.39794000867204
9	2.40312052117582
8	2.78604121024255
9	3.05269394192497
3	1.68124123737559
2	1.72427586960079
1	2.42651126136458
1	2.37106786227174
1	1.79239168949825
2	3.16256440652302
2	0.903089986991943
2	2.2405492482826
2	2.82151352840477
2	2.68752896121463
2	2.25527250510331
3	2.02118929906994
2	2.30102999566398
2	2.90145832139611
2	2.24303804868629
2	2.66370092538965
2	2.81624129999178
2	2.27646180417324
2	1.83250891270624
4	3.04139268515822
5	2.66464197555613
1	2.03742649794062
4	2.60422605308447
6	1.17609125905568
4	2.22788670461367
5	2.64836001098093
1	1.36172783601759
2	2.59988307207369
6	2.17026171539496
9	2.1430148002541
10	2.32633586092875
1	1.69897000433602
6	2.33445375115093
2	2.56820172406699
2	2.4983105537896
2	2.76715586608218
2	2.79309160017658
3	2.40140054078154
2	2.60097289568675
2	2.70329137811866
2	2.56466606425209
8	1.85733249643127
2	2.24797326636181
9	2.2405492482826
1	3.02366391819779
2	2.31175386105575
2	2.53655844257153
2	2.56229286445647
2	2.86391737695786
2	3.43504764133996
2	2.82020145948564
1	1.44715803134222
9	2.67851837904011
6	2.30535136944662
7	2.39269695325967
9	2.48572142648158
6	2.70671778233676
2	2.54157924394658
2	2.42813479402879
2	2.26245108973043
2	2.32633586092875
2	2.33445375115093
8	2.74429298312268
13	2.60745502321467
14	2.69722934275972
9	1.91907809237607
1	
6	2.29225607135648
5	2.30102999566398
9	1.60205999132796
9	2.6414741105041
16	
9	2.77378644498119
2	2.47421626407626
11	2.95999483832842
12	2.51454775266029
9	2.67669360962487
14	3.07371835034612
6	3.27875360095283
11	
15	
11	
10	2.44870631990508
9	2.72181061521255
9	2.89153745767256
7	3.0640834359636
9	2.43136376415899
6	2.66651798055488
9	3.03140846425162
6	2.39269695325967
6	2.17318626841227
9	2.18184358794477
6	2.97358962342726
9	2.60959440922522
9	2.20682587603185
6	2.32837960343874
9	2.86569605991607
6	2.32633586092875
6	2.45788189673399
9	2.43136376415899
6	2.12710479836481
9	2.60097289568675
6	2.99211148778695
8	2.26951294421792
9	2.53147891704225
9	2.70842090013471
9	2.27415784926368
10	2.08635983067475
8	3.04178731897175
9	2.73319726510657
9	2.30319605742049
9	2.50242711998443
6	2.32633586092875
6	2.08278537031645
6	2.38021124171161
9	1.91381385238372
8	2.50242711998443
8	2.66086547800387
9	2.92737036303902
9	2.35983548233989
1	2.57287160220048
9	2.52244423350632
4	1.99563519459755
2	1.81954393554187
9	3.2626883443017
6	2.94596070357757
9	3.8319976772359
5	1.94448267215017
9	3.03342375548695
9	2.94497590841205
11	2.4345689040342
5	2.54654266347813
4	2.67209785793572
2	2.11394335230684
5	2.25042000230889
9	1.50514997831991
6	1.79239168949825
9	2.59988307207369
8	3.14736710779379
9	2.40483371661994
12	1.78532983501077
14	2.58994960132571
14	1.39794000867204
9	1.54406804435028
4	2.55144999797287
2	1.82607480270083
14	2.67486114073781
15	1.93951925261862
2	2.41664050733828
14	3.15044940946088
9	2.60205999132796
6	2.26481782300954
9	1.23044892137827
4	1.55630250076729
9	2.50242711998443
6	3.37217528611506
4	3.49899936358015
2	3.18098558078673
10	2.70070371714502
9	2.78958071216443
8	2.62736585659273
9	2.53781909507327
16	2.58433122436753
2	2.54282542695918
9	2.94890176097021
2	2.67942789661212
2	2.56110138364906
2	2.33445375115093
2	2.0899051114394
11	2.08635983067475
2	2.38381536598043
2	2.55750720190566
6	2.63144376901317
6	2.42488163663107
4	2.47567118832443
2	2.3654879848909
2	2.60530504614111
2	2.65224634100332
9	3.05842602445701
2	2.83378437465648
2	2.54777470538782
9	2.15836249209525
2	2.59549622182557
6	2.83122969386706
6	2.64443858946784
2	2.72098574415374
2	2.44404479591808
4	2.34044411484012
4	2.96567197122011
2	2.81888541459401
2	2.69635638873333
6	2.47712125471966
5	2.39445168082622
10	2.71516735784846
6	3.26197619139781
6	2.6232492903979
6	2.41497334797082
14	2.07188200730613
14	2.72345567203519
14	1.85125834871908
11	2.06818586174616
15	2.74663419893758
9	3.51995918075207
9	2.46389298898591
14	1.85125834871908
15	3.03462845662532
15	2.61066016308988
15	2.6570558528571
2	2.48713837547719
9	2.60959440922522
14	2.96894968098134
14	2.68663626926229
15	2.36361197989214
14	2.76342799356294
14	2.47567118832443
4	2.25527250510331
6	2.55509444857832
6	2.75434833571102
6	1.91381385238372
6	2.44247976906445
6	2.63042787502502
16	2.62013605497376
11	2.75127910398334
5	2.91855453055027
4	2.04921802267018
6	2.14612803567824
4	2.35602585719312
4	3.32345836684947
9	2.71180722904119
9	1.76342799356294
14	2.01283722470517
6	3.16166741243774
2	2.2148438480477
8	2.43136376415899
8	2.8481891169914
15	2.20682587603185
9	2.75891189239797
7	2.9566485792052
9	2.87390159786446
9	2.44870631990508
6	2.75204844781944
9	2.64640372622307
9	2.2148438480477
16	2.69196510276736
14	2.73878055848437
16	2.58658730467175
11	2.54777470538782
12	2.8561244442423
16	2.47275644931721
14	2.46089784275655
13	2.89817648349768
11	2.63748972951251
15	2.44404479591808
14	1.68124123737559
2	2.55870857053317
9	2.90254677931399
9	2.19033169817029
2	2.21218760440396
9	2.80685802951882
1	2.36361197989214
14	2.9106244048892
9	2.38021124171161
6	2.52891670027765
11	2.44404479591808
14	2.31175386105575
2	2.35024801833416
6	2.79518458968242
2	2.40823996531185
6	2.39445168082622
6	2.39619934709574
4	2.60530504614111
15	2.79518458968242
16	2.55509444857832
16	2.75739602879302
6	2.87098881376058
16	2.89542254603941
14	2.10720996964787
15	2.71180722904119
15	2.75281643118827
16	2.62013605497376
16	2.15533603746506
8	2.65896484266443
16	2.52113808370404
14	2.8394780473742
16	2.59217675739587
14	2.74350976472843
16	2.8055008581584
16	2.39445168082622
9	2.18752072083646
14	3.1646502159343
6	2.23044892137827
8	2.88649072517248
9	2.5327543789925
14	3.16106838547117
9	2.91645394854992
16	2.36735592102602
16	2.48855071650044
14	1.95904139232109
14	2.30749603791321
16	2.94299959336604
15	2.98362628712453
15	2.01283722470517
16	2.42488163663107
14	2.89762709129044
14	2.57170883180869
15	2.70671778233676
13	2.78175537465247
14	2.46389298898591
15	2.90036712865647
14	2.54530711646582
14	2.71264970162721
11	2.42160392686983
14	2.54282542695918
14	2.77815125038364
16	2.72427586960079
14	2.49136169383427
15	2.71767050300226
16	2.22530928172586
13	2.80071707828238
13	2.72672720902657
14	2.6570558528571
17	2.62428209583567
16	2.28555730900777
12	2.10720996964787
12	2.67577834167408
14	2.46834733041216
15	2.88252453795488
9	2.69372694892365
9	2.7481880270062
6	2.16136800223497
16	2.51587384371168
16	2.20951501454263
15	2.35793484700045
16	2.6570558528571
16	2.58883172559421
14	2.67942789661212
14	2.48995847942483
14	2.68841982200271
11	2.9106244048892
16	2.57863920996807
15	2.86033800657099
14	2.25527250510331
16	2.49136169383427
14	2.09342168516224
6	2.29666519026153
14	2.81491318127507
14	2.53147891704225
15	3.12254352406875
14	2.35602585719312
14	2.67577834167408
15	2.44090908206522
15	2.24551266781415
16	2.60852603357719
16	2.3654879848909
16	2.30749603791321
14	2.67577834167408
15	2.92634244662566
13	2.72916478969277
16	2.6170003411209
16	3.12678057701201
12	2.46538285144842
15	2.66931688056611
16	1.65321251377534
14	2.67486114073781
13	2.42651126136458
9	2.49415459401844
2	1.34242268082221
16	2.95133751879592
15	2.40312052117582
15	2.87098881376058
15	2.18752072083646
6	2.83505610172012
9	2.09691001300806
11	1.64345267648619
14	2.56348108539441
16	2.30319605742049
14	2.62531245096167
13	2.7427251313047
14	2.79098847508882
9	2.87098881376058
13	2.02118929906994
11	2.65321251377534
16	2.64738297011462
14	2.67760695272049
16	2.72672720902657
14	2.73719264270474
14	2.75434833571102
12	2.7481880270062
14	2.45939248775923
11	2.45024910831936
9	3.15745676813423
14	2.27646180417324
16	2.70070371714502
14	2.85793526471943
14	2.85064623518307
16	2.86981820797933
9	2.17026171539496
14	2.83122969386706
2	2.34242268082221
14	3.12483014941386
14	2.15836249209525
14	3.23628527744803
9	2.12057393120585
16	2.73239375982297
17	2.71516735784846
15	2.14921911265538
14	3.12385164096709
6	2.56229286445647
15	2.77378644498119
14	2.89652621748956
9	1.63346845557959
16	2.63042787502502
15	2.36172783601759
15	2.57978359661681
15	2.55750720190566
16	2.55750720190566
14	2.54157924394658
12	2.26717172840301
6	2.39967372148104
9	2.51851393987789
9	2.48000694295715
9	2.52891670027765
16	2.91907809237607
15	3.17464119266045
16	2.76566855475901
9	2.72263392253381
9	2.46239799789896
9	2.62428209583567
14	2.70243053644553
14	2.76192783842053
6	2.52633927738984
14	2.66181268553726
14	2.85369821177617
13	2.92992956008459
14	
6	1.23044892137827
14	2.80617997398389
9	2.95520653754194
9	2.08278537031645
16	2.81690383937566
16	2.31597034545692
16	2.71683772329952
16	2.66651798055488
16	2.62013605497376
16	2.54157924394658
6	2.53529412004277
16	2.04532297878666
16	2.67942789661212
12	2.30535136944662
16	2.23044892137827
16	2.82020145948564
16	2.25767857486918
15	2.6954816764902
16	2.53147891704225
2	2.72509452108147
6	2.9106244048892
14	2.60530504614111
16	2.27646180417324
17	2.61066016308988
16	2.28780172993023
16	2.80140371001735
17	2.02938377768521
14	2.65417654187796
14	2.54157924394658
13	3.34635297445064
14	2.14612803567824
15	3.04688519083771
9	2.66370092538965
14	2.54900326202579
16	2.50785587169583
14	2.45788189673399
6	2.34242268082221
11	2.71850168886727
16	2.70757017609794
9	2.68752896121463
16	2.86272752831797
16	2.52374646681156
14	2.69460519893357
6	2.66558099101795
17	2.43296929087441
13	2.58771096501891
16	2.0899051114394
14	2.3654879848909
14	2.58319877396862
14	2.28330122870355
16	2.06818586174616
16	2.60314437262018
11	2.56229286445647
16	2.20411998265592
17	2.52891670027765
16	2.42488163663107
13	2.66745295288995
13	2.66838591669
13	2.51587384371168
15	2.8394780473742
16	2.40823996531185
6	2.53781909507327
17	2.17026171539496
14	2.81358098856819
2	1.47712125471966
8	2.67760695272049
9	2.07554696139253
9	2.51454775266029
15	2.86510397464113
9	2.56820172406699
14	2.02938377768521
9	2.95808584852109
9	2.70329137811866
16	2.19865708695442
6	2.88309335857569
6	2.36921585741014
17	2.30319605742049
9	2.56466606425209
14	2.22788670461367
16	2.75511226639507
16	2.78604121024255
16	2.56937390961505
9	2.88986172125819
16	2.2148438480477
9	2.55022835305509
16	2.58206336291171
16	2.58206336291171
11	2.82607480270083
15	2.40823996531185
16	2.67851837904011
16	2.62117628177504
16	2.39619934709574
15	2.25767857486918
15	2.2718416065365
16	2.23044892137827
14	2.3096301674259
16	2.14612803567824
15	1.93951925261862
14	2.38381536598043
15	2.83758843823551
16	2.81157500587059
16	2.79865064544527
16	2.34830486304816
16	2.64542226934909
16	2.73798732633343
16	2.37657695705651
16	2.6222140229663
14	2.86153441085904
15	2.71933128698373
14	3.0899051114394
14	2.85247999363686
15	2.97081161087252
16	2.43296929087441
14	2.48572142648158
16	2.86272752831797
13	2.19589965240923
16	2.53019969820308
9	2.81624129999178
11	2.8463371121298
16	3.1300119496719
17	2.42651126136458
11	2.65417654187796
3	2.87273882747267
12	2.43616264704076
14	2.59659709562646
14	2.32221929473392
14	2.72427586960079
16	2.72098574415374
16	2.37839790094814
16	2.56466606425209
16	2.25527250510331
15	2.57403126772772
16	1.85733249643127
9	2.51982799377572
15	2.65417654187796
16	2.72345567203519
15	2.65321251377534
14	2.29666519026153
14	2.58883172559421
17	2.9237619608287
14	2.54282542695918
14	2.79309160017658
1	2.75358305889291
8	2.7979596437372
6	2.58883172559421
16	2.71683772329952
17	2.58206336291171
15	2.66651798055488
15	2.77887447200274
16	2.74585519517373
16	2.6414741105041
9	1.99563519459755
16	2.60745502321467
15	2.44090908206522
14	2.80955971463527
2	2.13033376849501
14	2.54282542695918
14	2.43616264704076
16	2.24551266781415
17	2.17609125905568
14	2.69019608002851
9	2.42813479402879
12	2.32428245529769
15	2.75358305889291
9	2.82736927305382
10	2.76267856372744
12	2.85064623518307
9	2.50785587169583
9	2.62634036737504
11	2.31806333496276
16	2.77815125038364
9	2.77815125038364
9	1.72427586960079
9	1.81291335664286
14	2.61172330800734
14	2.66275783168157
2	2.6570558528571
14	2.26951294421792
14	3.26245108973043
16	2.3747483460101
14	3.15503222879097
9	2.89486965674525
16	2.2380461031288
16	2.3324384599156
16	1.98227123303957
12	2.90417436828416
14	2.32428245529769
16	2.60959440922522
16	2.55509444857832
13	2.6414741105041
16	2.42975228000241
16	2.06818586174616
16	2.23299611039215
16	2.62531245096167
11	2.46982201597816
14	2.4983105537896
9	2.98677173426624
15	2.66181268553726
15	2.54157924394658
14	2.15228834438306
14	2.54406804435028
9	2.6063813651106
16	2.26717172840301
14	3.01283722470517
11	2.78746047451842
16	2.69372694892365
14	2.47421626407626
14	2.68214507637383
16	2.62117628177504
16	2.35218251811136
5	2.29666519026153
9	2.59659709562646
17	2.17318626841227
15	2.62531245096167
2	3.47085132452612
11	2.95375969173323
17	2.59659709562646
16	2.20139712432045
15	2.36921585741014
9	2.94743372188705
14	2.90687353472207
17	2.69108149212297
17	2.04921802267018
16	2.58092497567562
16	2.9304395947667
16	
16	2.28780172993023
17	2.07554696139253
16	2.27415784926368
17	2.16435285578444
16	2.07188200730613
16	2.43296929087441
16	2.2148438480477
16	
16	2.72591163229505
17	2.23299611039215
16	2.32428245529769
14	2.69983772586725
6	2.62634036737504
12	2.44870631990508
16	2.82477646247555
16	2.56820172406699
9	2.51188336097887
13	2.68752896121463
15	3.43648069500949
8	2.69983772586725
14	2.65127801399814
16	2.52244423350632
15	2.28330122870355
17	2.13987908640124
16	2.57634135020579
2	2.1846914308176
16	2.11727129565576
11	2.53781909507327
13	2.43616264704076
15	2.48855071650044
16	2.22010808804006
13	2.16731733474818
11	2.30319605742049
16	2.38738982633873
11	2.41995574848976
16	2.53019969820308
10	2.52762990087134
16	2.8463371121298
16	
15	2.83758843823551
13	2.21218760440396
11	0.698970004336019
14	2.19865708695442
15	2.43616264704076
14	2.42651126136458
14	2.51188336097887
13	2.92479599579791
16	2.63245729218472
16	2.51321760006794
14	2.75358305889291
16	2.70243053644553
16	2.8750612633917
14	2.10380372095596
14	2.70243053644553
7	2.8494194137969
9	2.63447727016073
9	2.44247976906445
15	2.68033551341456
17	
16	2.50785587169583
14	2.56584781867352
16	2.20411998265592
16	2.37106786227174
16	2.47856649559384
9	2.71850168886727
16	2.62428209583567
15	2.56229286445647
16	3.35295391171009
2	1.43136376415899
11	3.19005141775921
14	2.36172783601759
16	2.71767050300226
11	2.5092025223311
9	2.61489721603313
1	2.78746047451842
16	2.7419390777292
14	2.86033800657099
16	2.62940959910272
16	2.34044411484012
15	3.004751155591
16	2.7979596437372
16	2.23044892137827
15	2.2405492482826
14	2.75204844781944
16	2.75815462196739
12	2.4983105537896
10	2.04921802267018
16	2.20411998265592
14	2.75358305889291
16	1.69019608002851
15	3.09307130637606
16	2.3747483460101
14	2.46686762035411
17	2.1430148002541
16	2.13987908640124
16	2.29885307640971
16	2.31806333496276
17	2.3096301674259
2	2.6570558528571
2	1.49136169383427
2	1.68124123737559
2	2.65991620006985
8	2.17318626841227
9	2.88138465677057
9	2.29003461136252
11	1.8750612633917
11	1.30102999566398
9	2.68394713075151
9	3.0386201619497
9	2.45788189673399
8	2.5705429398819
9	2.1846914308176
9	2.94546858513182
2	1.69019608002851
4	2.56937390961505
2	2.46834733041216
2	3.22968184231768
2	2.53147891704225
16	2.53655844257153
12	2.94890176097021
14	2.20139712432045
13	2.43136376415899
14	2.71850168886727
12	2.69722934275972
14	2.19589965240923
14	2.44247976906445
14	2.23552844690755
15	2.23044892137827
14	2.58433122436753
14	2.34635297445064
12	2.77670118398841
14	2.65896484266443
16	2.95616843047536
13	2.90417436828416
15	2.84323277809801
16	2.90741136077459
14	2.24797326636181
14	2.65896484266443
2	1.97772360528885
9	1.89209460269048
4	2.32633586092875
6	2.40654018043395
4	1.17609125905568
2	2.0899051114394
5	2.43616264704076
2	1.83884909073726
6	2.82607480270083
11	1.56820172406699
17	1.57978359661681
16	1.57978359661681
6	1.41497334797082
13	2.8109042806687
5	2.30319605742049
2	2.65127801399814
4	2.13033376849501
9	2.68663626926229
